time,magnitude,place,longitude,latitude,depth,type,alert,tsunami,sig
2024-11-19 12:56:02.383,2.5,"55 km S of Whites City, New Mexico",-104.417,31.674,6.3947,earthquake,,0,96
2024-11-19 12:23:22.989,4.6,"Volcano Islands, Japan region",142.5186,25.6437,10.0,earthquake,,0,326
2024-11-19 10:27:44.704,3.1,"16 km NNE of Houston, Alaska",-149.7231,61.773,35.2,earthquake,,0,148
2024-11-19 10:27:30.793,2.7,"70 km NW of Lake Louise, Alaska",-147.5708,62.7081,144.5,earthquake,,0,112
2024-11-19 10:14:52.264,4.3,"119 km SSW of Manuel Ávila Camacho (Ponte Duro), Mexico",-94.1674,14.8871,10.0,earthquake,,0,284
2024-11-19 09:32:42.400,3.18,"11 km NW of Rincón, Puerto Rico",-67.3218333333333,18.4183333333333,15.35,earthquake,,0,156
2024-11-19 09:13:01.510,3.18,"13 km W of Pole Ojea, Puerto Rico",-67.3113333333333,17.9931666666667,33.5,earthquake,,0,156
2024-11-19 08:34:01.837,5.0,"31 km S of Pondaguitan, Philippines",126.14,6.0785,98.377,earthquake,,0,385
2024-11-19 06:39:53.850,2.84,"4 km SE of San Germán, Puerto Rico",-67.01,18.053,18.4,earthquake,,0,124
2024-11-19 06:27:02.981,2.6,"31 km WSW of Ackerly, Texas",-102.0149,32.4004,5.0,earthquake,,0,104
2024-11-19 06:25:35.898,2.7,"13 km E of Pleasanton, Texas",-98.3405,28.9885,8.568,earthquake,,0,112
2024-11-19 04:00:44.657,2.5,"6 km N of Sipsey, Alabama",-87.0747,33.8818,5.0,earthquake,,0,111
2024-11-19 03:21:20.710,2.92,"14 km W of Pole Ojea, Puerto Rico",-67.3176666666667,17.993,33.76,earthquake,,0,131
2024-11-19 02:46:38.142,2.8,"36 km WSW of Mentone, Texas",-103.969,31.61,7.7277,earthquake,,0,121
2024-11-19 02:41:53.877,5.6,"50 km W of Houma, Tonga",-175.7866,-21.1189,10.0,earthquake,green,0,482
2024-11-18 22:31:05.130,3.73,"154 km NNE of Vieques, Puerto Rico",-65.29,19.7215,35.0,earthquake,,0,214
2024-11-18 21:42:16.829,4.5,"Pagan region, Northern Mariana Islands",145.7664,18.4667,210.889,earthquake,,0,312
2024-11-18 21:02:39.967,4.3,"87 km W of Ambunti, Papua New Guinea",142.0358,-4.1416,121.602,earthquake,,0,284
2024-11-18 20:50:31.177,4.7,"87 km W of Cabittaogan, Philippines",119.5395,17.6053,10.0,earthquake,,0,340
2024-11-18 19:28:31.040,2.6,"20 km NNW of Stanton, Texas",-101.836,32.31,6.1768,earthquake,,0,105
2024-11-18 19:28:01.937,3.9,"17 km E of Pleasanton, Texas",-98.302,28.948,3.6865,earthquake,,0,241
2024-11-18 19:27:20.690,3.41,"148 km NNE of Vieques, Puerto Rico",-65.2751666666667,19.6576666666667,34.96,earthquake,,0,179
2024-11-18 17:59:40.775,4.7,"143 km S of Lata, Solomon Islands",165.9981,-12.01,10.0,earthquake,,0,340
2024-11-18 14:22:23.800,2.83,"93 km SSW of Alberto Oviedo Mota, B.C., MX",-115.6173333,31.4843333,8.53,earthquake,,0,123
2024-11-18 13:27:22.569,4.6,"15 km NE of Hualien City, Taiwan",121.7066,24.0821,10.0,earthquake,,0,326
2024-11-18 13:04:47.114,4.6,"17 km WSW of Quilca, Peru",-72.5933,-16.7604,55.306,earthquake,,0,326
2024-11-18 12:45:41.414,2.8,"55 km S of Whites City, New Mexico",-104.401,31.679,6.228,earthquake,,0,121
2024-11-18 10:22:06.876,2.7,"64 km ESE of Pedro Bay, Alaska",-153.0301,59.5945,115.2,earthquake,,0,112
2024-11-18 07:36:17.560,2.59,"3 km SSE of Maria Antonia, Puerto Rico",-66.8743333333333,17.9545,18.16,earthquake,,0,103
2024-11-18 07:25:11.488,4.6,"Volcano Islands, Japan region",142.6387,25.1481,10.0,earthquake,,0,326
2024-11-18 07:06:27.135,4.5,"99 km E of Lhasa, China",92.1085,29.8289,10.0,earthquake,,0,312
2024-11-18 07:01:59.172,4.7,"114 km ENE of Lhasa, China",92.2411,29.9378,10.0,earthquake,,0,340
2024-11-18 06:06:54.953,4.7,"154 km SSE of Kuqa, China",83.3324,40.3573,10.0,earthquake,,0,340
2024-11-18 05:58:34.796,2.5,"6 km S of Chase, Alaska",-150.0868,62.3909,22.4,earthquake,,0,96
2024-11-18 05:24:16.655,4.9,west of Macquarie Island,147.2637,-56.5196,10.0,earthquake,,0,369
2024-11-18 05:06:32.753,4.4,"78 km NNE of San Pedro de Atacama, Chile",-67.8699,-22.2715,173.974,earthquake,,0,298
2024-11-18 04:57:45.042,3.8,"111 km SW of Nikolski, Alaska",-170.0985,52.284,25.3,earthquake,,0,222
2024-11-18 04:57:11.147,5.0,Southwest Indian Ridge,55.1765,-34.4968,10.0,earthquake,,0,385
2024-11-18 04:17:40.860,3.21,"25 km SW of Stella, Puerto Rico",-67.4081666666667,18.1566666666667,5.89,earthquake,,0,159
2024-11-18 03:35:33.238,5.2,"37 km NNW of Basco, Philippines",121.867,20.7729,10.005,earthquake,,0,416
2024-11-18 02:56:59.450,3.36,"138 km NNE of Vieques, Puerto Rico",-65.3583333333333,19.589,72.98,earthquake,,0,174
2024-11-18 02:18:50.212,5.1,"141 km E of Saipan, Northern Mariana Islands",147.0544,15.039,10.0,earthquake,,0,400
2024-11-18 01:37:17.460,3.1,"13 km W of Mayagüez, Puerto Rico",-67.2711666666667,18.1891666666667,17.92,earthquake,,0,148
2024-11-18 00:00:44.709,5.0,southern Mid-Atlantic Ridge,-14.4618,-12.7645,10.0,earthquake,,0,385
2024-11-17 23:45:08.880,3.32,"75 km NE of Punta Cana, Dominican Republic",-67.9906666666667,19.1441666666667,24.99,earthquake,,0,170
2024-11-17 23:16:14.125,5.1,southern Mid-Atlantic Ridge,-14.7059,-12.826,10.0,earthquake,,0,400
2024-11-17 23:05:55.254,5.0,southern Mid-Atlantic Ridge,-14.9899,-12.7931,10.0,earthquake,,0,385
2024-11-17 23:01:10.875,4.8,"161 km NW of Abepura, Indonesia",139.447,-1.755,10.0,earthquake,,0,354
2024-11-17 21:43:38.860,2.51,"11 km SSE of Maria Antonia, Puerto Rico",-66.8536666666667,17.8848333333333,16.7,earthquake,,0,97
2024-11-17 20:45:07.332,4.4,"2 km NNE of Imām Şāḩib, Afghanistan",68.9488,37.2106,10.0,earthquake,,0,298
2024-11-17 20:05:53.950,2.85,"17 km N of Isabela, Puerto Rico",-66.993,18.6528333333333,13.73,earthquake,,0,125
2024-11-17 19:18:44.983,4.4,"254 km S of Lembar, Indonesia",116.3326,-11.0094,10.0,earthquake,,0,298
2024-11-17 19:02:56.160,4.4,"96 km SSW of Alo, Wallis and Futuna",-178.3951,-15.1373,422.146,earthquake,,0,298
2024-11-17 18:55:37.688,5.2,"122 km ESE of Kokopo, Papua New Guinea",153.282,-4.7722,69.305,earthquake,,0,416
2024-11-17 18:07:09.067,4.2,Banda Sea,129.8418,-6.9173,169.981,earthquake,,0,271
2024-11-17 15:42:33.864,3.2,"44 km WNW of Ninilchik, Alaska",-152.4346,60.1553,86.4,earthquake,,0,158
2024-11-17 14:14:02.477,4.8,south of the Fiji Islands,179.8846,-24.2733,508.147,earthquake,,0,354
2024-11-17 12:16:29.918,6.1,"155 km SSE of Koshima, Japan",131.3955,29.0501,8.0,earthquake,green,0,573
2024-11-17 11:48:10.389,2.7,"17 km E of Pleasanton, Texas",-98.302,28.946,4.6143,earthquake,,0,113
2024-11-17 11:43:21.130,2.63,"2 km NE of Magas Arriba, Puerto Rico",-66.7491666666667,18.0316666666667,13.77,earthquake,,0,106
2024-11-17 09:32:58.680,2.82,"6 km NW of Fontana, CA",-117.4961667,34.1401667,2.79,earthquake,,0,162
2024-11-17 09:32:58.325,2.7,"8 km NW of Fontana, California",-117.5008,34.1414,5.856,earthquake,,0,112
2024-11-17 09:27:25.570,2.88,"33 km ENE of Coso Junction, CA",-117.5868333,36.1043333,1.0,earthquake,,0,128
2024-11-17 09:24:25.130,2.67,"5 km SW of Pāhala, Hawaii",-155.505833333333,19.1656666666667,34.43,earthquake,,0,110
2024-11-17 09:24:23.624,4.2,"137 km E of Kokopo, Papua New Guinea",153.5084,-4.2945,106.376,earthquake,,0,271
2024-11-17 08:43:46.648,4.3,"250 km SE of Masohi, Indonesia",130.4671,-4.9975,122.319,earthquake,,0,284
2024-11-17 05:58:33.580,2.86,"11 km W of Almanor, CA",-121.3105,40.212,7.69,earthquake,,0,127
2024-11-17 04:51:43.590,3.0,"69 km ENE of Chase, Alaska",-148.8239,62.6433,32.1,earthquake,,0,138
2024-11-17 04:26:44.997,4.9,"129 km SE of Bitung, Indonesia",126.0453,0.7206,50.65,earthquake,,0,369
2024-11-17 04:17:21.600,3.43,"6 km NW of Fontana, CA",-117.4958333,34.1431667,3.06,earthquake,,0,319
2024-11-17 04:14:37.923,4.5,south of the Fiji Islands,-179.9814,-24.2382,510.613,earthquake,,0,312
2024-11-17 03:09:29.350,3.26,"22 km W of Stella, Puerto Rico",-67.4545,18.2903333333333,78.79,earthquake,,0,164
2024-11-17 00:47:40.780,3.72,"151 km NNE of Vieques, Puerto Rico",-65.2635,19.6805,70.0,earthquake,,0,213
2024-11-17 00:30:23.459,4.2,"20 km ENE of Shizunai-furukawachō, Japan",142.6002,42.3884,106.077,earthquake,,0,272
2024-11-17 00:00:59.070,2.82,"16 km N of Tierras Nuevas Poniente, Puerto Rico",-66.4841666666667,18.6101666666667,76.5,earthquake,,0,122
2024-11-16 23:49:30.250,4.4,"46 km ENE of Jurm, Afghanistan",71.2831,37.0869,97.735,earthquake,,0,298
2024-11-16 23:13:16.080,4.3,"37 km WSW of Ashkāsham, Afghanistan",71.1264,36.5965,195.327,earthquake,,0,284
2024-11-16 22:33:52.392,4.4,"Bonin Islands, Japan region",139.366,28.2097,492.672,earthquake,,0,298
2024-11-16 22:17:04.400,3.47,"6 km NW of Fontana, CA",-117.5001667,34.1425,2.79,earthquake,,0,373
2024-11-16 19:12:30.600,3.61,"78 km N of Cruz Bay, U.S. Virgin Islands",-64.6778,19.0361,65.0,earthquake,,0,200
2024-11-16 18:35:15.986,4.7,"91 km WNW of Pariaman, Indonesia",99.4138,-0.188,92.465,earthquake,,0,340
2024-11-16 18:25:27.713,4.4,"9 km NNE of Jordán, Colombia",-73.0505,6.8052,150.171,earthquake,,0,298
2024-11-16 16:40:18.230,2.69,"2 km SSW of Pāhala, Hawaii",-155.492004394531,19.1831665039062,31.1200008392334,earthquake,,0,112
2024-11-16 16:39:14.943,4.5,"198 km ENE of Levuka, Fiji",-178.8863,-17.5694,537.193,earthquake,,0,312
2024-11-16 15:52:08.410,3.23,"1 km SSW of Caruthersville, Missouri",-89.6606666666667,36.1803333333333,8.11,earthquake,,0,189
2024-11-16 15:44:02.956,4.8,"25 km NE of Port-Olry, Vanuatu",167.2523,-14.8942,157.75,earthquake,,0,354
2024-11-16 15:28:40.149,4.7,"61 km SW of Sibolga, Indonesia",98.3457,1.4045,88.978,earthquake,,0,340
2024-11-16 14:51:49.040,3.82,"90 km NNE of Punta Cana, Dominican Republic",-68.2146,19.3806,130.0,earthquake,,0,224
2024-11-16 14:37:24.480,3.41,"45 km NW of Rincón, Puerto Rico",-67.5811666666667,18.602,16.94,earthquake,,0,179
2024-11-16 14:35:02.290,3.43,"54 km ENE of Miches, Dominican Republic",-68.5941666666667,19.2153333333333,23.3,earthquake,,0,181
2024-11-16 14:15:52.519,4.5,"39 km SE of San Pedro de Atacama, Chile",-67.9562,-23.1842,145.462,earthquake,,0,312
2024-11-16 13:47:36.626,5.1,"78 km ENE of Petropavlovsk-Kamchatsky, Russia",159.7802,53.208,60.216,earthquake,,0,400
2024-11-16 13:31:31.010,2.64,"3 km NW of Anderson Springs, CA",-122.72233581543,38.7859992980957,2.48000001907349,earthquake,,0,108
2024-11-16 13:12:52.490,2.96000004,"16 km ENE of Pāhala, Hawaii",-155.332000732422,19.2488327026367,31.0400009155273,earthquake,,0,135
2024-11-16 13:02:07.873,3.5,"18 km E of Pleasanton, Texas",-98.292,28.952,3.7354,earthquake,,0,197
2024-11-16 12:49:43.740,2.75,"8 km W of Henning, Tennessee",-89.6661666666667,35.6676666666667,10.98,earthquake,,0,121
2024-11-16 12:22:17.713,5.0,"10 km N of Hiranai, Japan",140.9548,41.0115,11.86,earthquake,,0,387
2024-11-16 11:58:33.679,4.9,"134 km ENE of Kimbe, Papua New Guinea",151.3228,-5.2916,105.108,earthquake,,0,370
2024-11-16 11:51:26.889,4.4,"258 km ESE of Attu Station, Alaska",176.4675,51.69,30.81,earthquake,,0,298
2024-11-16 11:28:42.100,3.35,"47 km NW of Rincón, Puerto Rico",-67.523,18.6776666666667,5.01,earthquake,,0,173
2024-11-16 09:50:16.497,4.8,"33 km ENE of Codrington, Antigua and Barbuda",-61.5279,17.7545,29.485,earthquake,,0,354
2024-11-16 09:48:47.446,4.5,"42 km ENE of Codrington, Antigua and Barbuda",-61.4635,17.7965,24.14,earthquake,,0,312
2024-11-16 09:34:46.296,2.5,"8 km WNW of Point Possession, Alaska",-150.843,60.9444,17.3,earthquake,,0,96
2024-11-16 09:28:51.260,3.16,"3 km SE of Bartolo, Puerto Rico",-65.8175,18.341,122.08,earthquake,,0,154
2024-11-16 09:28:30.899,3.16,"8 km E of Nescatunga, Oklahoma",-98.05933333,36.7545,7.97,earthquake,,0,154
2024-11-16 08:46:50.958,4.0,"43 km S of La Esperanza (El Zapotal), Mexico",-93.141,15.0537,55.671,earthquake,,0,246
2024-11-16 08:22:26.677,5.4,"192 km SSE of Lata, Solomon Islands",166.617,-12.2641,121.078,earthquake,green,0,449
2024-11-16 07:03:06.784,4.9,"89 km SW of Puerto Madero, Mexico",-93.0933,14.2491,10.0,earthquake,,0,369
2024-11-16 07:02:28.538,4.1,"97 km SW of Puerto Madero, Mexico",-93.075,14.1135,10.0,earthquake,,0,259
2024-11-16 06:30:12.233,3.5,"150 km NNE of Atka, Alaska",-173.1773,53.4005,250.4,earthquake,,0,188
2024-11-16 06:30:11.189,3.9,"112 km E of Atka, Alaska",-172.5534,52.1878,298.495,earthquake,,0,234
2024-11-16 05:23:12.967,2.8,"16 km E of Pleasanton, Texas",-98.31,28.95,4.4189,earthquake,,0,121
2024-11-16 05:01:57.499,2.9,"40 km SW of Nanwalek, Alaska",-152.4237,59.1034,49.4,earthquake,,0,129
2024-11-16 05:01:53.230,3.03,"14 km SW of La Playa, Puerto Rico",-67.2786666666667,18.192,17.48,earthquake,,0,141
2024-11-16 04:14:01.454,3.1,"14 km E of Pleasanton, Texas",-98.336,28.987,1.416,earthquake,,0,149
2024-11-16 03:51:18.136,4.6,Fiji region,-177.6121,-19.0652,535.155,earthquake,,0,326
2024-11-16 02:17:09.474,5.2,southern Mid-Atlantic Ridge,-13.2696,-15.2823,10.0,earthquake,,0,416
2024-11-15 23:29:29.760,3.92,"52 km SE of Boca de Yuma, Dominican Republic",-68.2868,18.0176,69.0,earthquake,,0,236
2024-11-15 23:05:39.762,4.9,"74 km SE of Neiafu, Tonga",-173.5631,-19.1981,118.909,earthquake,,0,369
2024-11-15 22:41:08.150,3.01,"0 km ENE of The Geysers, CA",-122.7555,38.7778333333333,1.49,earthquake,,0,142
2024-11-15 22:38:35.580,2.86,"12 km WNW of Malibu, CA",-118.934,34.0371667,11.1,earthquake,,0,130
2024-11-15 22:32:01.576,4.3,"52 km ENE of Codrington, Antigua and Barbuda",-61.383,17.8612,22.51,earthquake,,0,284
2024-11-15 21:39:49.248,4.4,"7 km E of Pariaman, Indonesia",100.1855,-0.6274,124.35,earthquake,,0,298
2024-11-15 21:39:00.210,3.76,"2 km SW of Round Valley, CA",-118.612,37.3968333333333,8.15,earthquake,,0,230
2024-11-15 21:11:50.702,4.9,"40 km ENE of Codrington, Antigua and Barbuda",-61.4744,17.788,33.348,earthquake,,0,374
2024-11-15 20:16:15.950,3.8,"91 km E of Akutan, Alaska",-164.3714,54.0919,57.64,earthquake,,0,222
2024-11-15 18:51:19.869,4.4,"Bonin Islands, Japan region",139.388,27.7724,512.991,earthquake,,0,298
2024-11-15 18:27:25.117,2.5,"31 km SE of Mina, Nevada",-117.8991,38.1575,7.8,earthquake,,0,96
2024-11-15 18:07:17.120,4.3,"Kepulauan Babar, Indonesia",129.5672,-7.1362,117.238,earthquake,,0,284
2024-11-15 18:03:43.767,4.6,"129 km E of Kokopo, Papua New Guinea",153.4229,-4.5193,118.965,earthquake,,0,326
2024-11-15 17:58:53.016,4.9,"9 km E of Omigawa, Japan",140.7188,35.8377,66.101,earthquake,,0,369
2024-11-15 17:57:25.233,4.5,"120 km E of Kokopo, Papua New Guinea",153.3365,-4.5154,120.276,earthquake,,0,312
2024-11-15 16:45:36.913,4.2,"8 km SSW of Chānasma, India",72.0928,23.6369,10.0,earthquake,,0,273
2024-11-15 15:41:05.165,4.5,"34 km ENE of Kashima-shi, Japan",141.0001,36.0888,48.089,earthquake,,0,312
2024-11-15 15:27:42.267,4.5,"75 km S of Sarangani, Philippines",125.4144,4.7235,83.755,earthquake,,0,312
2024-11-15 15:02:19.749,4.4,"58 km S of Xichang, China",102.2018,27.3755,10.0,earthquake,,0,298
2024-11-15 14:17:41.446,2.9,"17 km E of Pleasanton, Texas",-98.301,28.949,6.543,earthquake,,0,129
2024-11-15 14:05:26.399,4.8,southeast of the Loyalty Islands,170.6672,-23.3745,18.329,earthquake,,0,354
2024-11-15 13:14:34.385,2.5,"56 km SSE of Kokhanok, Alaska",-154.4504,58.9567,121.3,earthquake,,0,96
2024-11-15 11:51:18.970,2.8,"16 km E of Pleasanton, Texas",-98.31,28.948,2.8564,earthquake,,0,121
2024-11-15 11:38:19.511,5.0,"298 km ESE of Vao, New Caledonia",170.239,-23.5887,10.0,earthquake,,0,385
2024-11-15 11:34:48.614,4.5,Banda Sea,129.8028,-6.3131,12.088,earthquake,,0,312
2024-11-15 11:28:29.832,2.9,"17 km E of Pleasanton, Texas",-98.304,28.95,4.8584,earthquake,,0,129
2024-11-15 10:51:26.058,4.5,"149 km E of Kimbe, Papua New Guinea",151.4814,-5.6417,54.915,earthquake,,0,312
2024-11-15 10:41:05.732,5.5,Balleny Islands region,153.9433,-61.5218,10.0,earthquake,green,0,465
2024-11-15 10:13:32.450,2.9,"16 km E of Pleasanton, Texas",-98.31,28.954,8.4717,earthquake,,0,130
2024-11-15 09:08:01.955,3.4,"255 km W of Bandon, Oregon",-127.4929,43.5904,10.0,earthquake,,0,178
2024-11-15 09:02:01.933,4.5,"4 km SSW of Nurluca, Turkey",40.8811,40.9999,10.0,earthquake,,0,314
2024-11-15 08:41:47.294,5.4,"129 km SE of Neiafu, Tonga",-172.9768,-19.3237,10.0,earthquake,green,0,449
2024-11-15 08:05:48.389,4.2,"17 km W of San Nicola Arcella, Italy",15.5865,39.8158,266.221,earthquake,,0,271
2024-11-15 07:46:20.983,4.9,"17 km E of Nurhak, Turkey",37.6427,37.9543,10.0,earthquake,,0,370
2024-11-15 07:29:20.763,4.8,"81 km NNW of Finschhafen, Papua New Guinea",147.4578,-5.9344,88.138,earthquake,,0,354
2024-11-15 06:29:30.730,3.08,"38 km NW of Rincón, Puerto Rico",-67.4843333333333,18.6015,6.22,earthquake,,0,146
2024-11-15 06:25:26.450,3.05,"6 km S of Volcano, Hawaii",-155.238333333333,19.3845,2.18,earthquake,,0,143
2024-11-15 05:31:47.684,4.2,"48 km SE of Neyshābūr, Iran",59.1317,35.8741,10.0,earthquake,,0,271
2024-11-15 05:28:29.617,6.6,"123 km ESE of Kokopo, Papua New Guinea",153.3201,-4.7021,51.891,earthquake,green,1,672
2024-11-15 04:11:55.810,2.72,"23 km SE of Pāhala, Hawaii",-155.354339599609,19.031665802002,15.0600004196167,earthquake,,0,114
2024-11-15 03:52:06.491,2.5,"44 km S of Glacier View, Alaska",-147.5214,61.4145,10.0,earthquake,,0,96
2024-11-15 03:46:45.931,5.0,"175 km SSE of Burica, Panama",-82.4485,6.5015,10.0,earthquake,,0,385
2024-11-15 03:08:42.015,2.7,"63 km SSW of Whites City, New Mexico",-104.53,31.618,8.2532,earthquake,,0,112
2024-11-15 02:28:33.117,2.6,"97 km W of Ferndale, California",-125.4038,40.4394,26.086,earthquake,,0,104
2024-11-15 02:17:08.437,4.7,"66 km SE of Atka, Alaska",-173.612,51.718,47.711,earthquake,,0,340
2024-11-15 02:08:12.987,4.6,"87 km WSW of Ternate, Indonesia",126.6648,0.4717,64.597,earthquake,,0,326
2024-11-15 00:15:17.634,4.2,"9 km SE of Dehdasht, Iran",50.6364,30.7305,10.0,earthquake,,0,271
2024-11-15 00:11:58.314,5.1,"120 km WSW of Adak, Alaska",-178.286,51.5375,55.982,earthquake,,0,401
2024-11-15 00:04:01.790,2.75,"10 km WSW of Friday Harbor, Washington",-123.15116666666667,48.49366666666667,48.05,earthquake,,0,120
2024-11-14 22:42:34.920,4.08,"19 km SE of Pāhala, Hawaii",-155.366666666667,19.0633333333333,33.35,earthquake,green,0,287
2024-11-14 22:29:22.292,2.7,"16 km NW of Stanton, Texas",-101.913,32.233,6.5674,earthquake,,0,112
2024-11-14 22:13:22.140,2.71,"42 km NE of San Clemente Is. (SE tip), CA",-117.9831667,33.0413333,5.88,earthquake,,0,116
2024-11-14 21:49:14.055,4.7,"134 km W of Adak, Alaska",-178.5798,51.7735,91.834,earthquake,,0,340
2024-11-14 20:49:35.333,2.7,"17 km E of Pleasanton, Texas",-98.304,28.952,6.5674,earthquake,,0,112
2024-11-14 20:48:56.344,4.4,"223 km SSE of Aqqan, China",82.8131,34.5768,10.0,earthquake,,0,298
2024-11-14 20:17:06.740,2.5,"56 km ESE of Whittier, Alaska",-147.6826,60.6455,13.3,earthquake,,0,96
2024-11-14 20:10:32.962,4.3,"207 km N of Hirara, Japan",125.4584,26.6758,207.804,earthquake,,0,284
2024-11-14 20:04:46.842,4.3,"37 km WNW of Ollagüe, Chile",-68.5718,-21.0741,140.752,earthquake,,0,284
2024-11-14 19:55:03.238,2.5,"17 km E of Pleasanton, Texas",-98.306,28.944,5.8838,earthquake,,0,96
2024-11-14 19:30:12.460,2.64,"5 km SSW of Volcano, Hawaii",-155.255661010742,19.3945007324219,0.949999988079071,earthquake,,0,107
2024-11-14 19:18:44.394,2.6,"23 km S of Westbrook, Texas",-101.058,32.145,5.6396,earthquake,,0,104
2024-11-14 19:08:17.412,5.1,"124 km WSW of Bandar Lampung, Indonesia",104.3091,-6.0281,88.381,earthquake,,0,400
2024-11-14 18:03:33.613,3.7,"18 km E of Pleasanton, Texas",-98.286,28.946,2.0264,earthquake,,0,226
2024-11-14 17:51:37.128,4.7,"63 km NW of Labuha, Indonesia",127.0899,-0.2088,38.42,earthquake,,0,340
2024-11-14 17:11:20.510,3.5,"36 km ESE of Atka, Alaska",-173.711666666667,52.0711666666667,2.31,earthquake,,0,188
2024-11-14 16:09:09.050,3.25,"0 km N of Volcano, Hawaii",-155.234666666667,19.4485,28.23,earthquake,,0,177
2024-11-14 15:42:52.206,4.5,"174 km NNE of Ruteng, Indonesia",121.2182,-7.2282,541.374,earthquake,,0,312
2024-11-14 15:32:56.909,4.3,"192 km SW of Bandar Lampung, Indonesia",104.0544,-6.6817,39.245,earthquake,,0,284
2024-11-14 14:21:19.986,2.9,"61 km SW of Cantwell, Alaska",-149.9114,63.0454,82.5,earthquake,,0,129
2024-11-14 13:34:42.160,2.87,"6 km WSW of Stratford, CA",-119.876666666667,36.1525,18.58,earthquake,,0,128
2024-11-14 13:07:31.865,4.2,"37 km S of Jurm, Afghanistan",70.8411,36.5261,189.026,earthquake,,0,271
2024-11-14 11:55:00.010,2.63,"5 km SSW of Palmarejo, Puerto Rico",-67.1056666666667,17.9958333333333,15.99,earthquake,,0,106
2024-11-14 11:15:12.948,4.7,"89 km ESE of Ōfunato, Japan",142.659,38.7378,47.69,earthquake,,0,340
2024-11-14 09:17:01.460,2.5,"7 km S of Volcano, Hawaii",-155.235992431641,19.3793334960938,28.0900001525879,earthquake,,0,96
2024-11-14 09:16:27.397,5.0,"13 km SSW of Montecillos, Mexico",-98.5612,16.2867,15.14,earthquake,,0,385
2024-11-14 07:58:13.695,2.9,"38 km W of Tatitlek, Alaska",-147.3821,60.9293,20.6,earthquake,,0,129
2024-11-14 07:54:42.658,4.5,south of the Fiji Islands,-179.556,-22.4068,577.324,earthquake,,0,312
2024-11-14 05:04:56.043,4.3,"32 km W of Ollagüe, Chile",-68.5696,-21.2492,137.433,earthquake,,0,284
2024-11-14 04:16:08.260,2.59,"18 km WSW of Toms Place, CA",-118.848999023438,37.4765014648438,7.59000015258789,earthquake,,0,103
2024-11-14 02:57:39.160,2.86,"9 km NNE of Brenas, Puerto Rico",-66.2988333333333,18.5386666666667,75.23,earthquake,,0,126
2024-11-14 02:40:35.178,4.3,"29 km SE of Mina, Nevada",-117.9166,38.173,14.2,earthquake,green,0,288
2024-11-14 02:38:16.141,4.6,"13 km SSE of Hualien City, Taiwan",121.6613,23.8706,25.715,earthquake,,0,326
2024-11-14 02:12:06.138,4.5,"95 km NNE of Tatsugō, Japan",130.128,29.1797,60.094,earthquake,,0,312
2024-11-14 01:08:21.648,3.3,"173 km SE of Perryville, Alaska",-157.0526,54.9028,10.0,earthquake,,0,168
2024-11-14 00:46:49.220,3.8,"137 km NNW of Charlotte Amalie, U.S. Virgin Islands",-65.1951,19.5611,94.0,earthquake,,0,222
2024-11-14 00:25:12.400,3.42,"69 km ENE of Punta Cana, Dominican Republic",-67.8435,18.9168333333333,3.55,earthquake,,0,180
2024-11-14 00:06:53.970,3.76,"130 km NNE of Vieques, Puerto Rico",-65.3205,19.4963,48.0,earthquake,,0,218
2024-11-14 00:02:13.676,4.5,"14 km SE of Kuzumaki, Japan",141.5736,39.9614,77.367,earthquake,,0,312
2024-11-13 23:38:33.700,2.71,"2 km ENE of Tallaboa Alta, Puerto Rico",-66.6815,18.0613333333333,19.08,earthquake,,0,113
2024-11-13 23:12:30.100,2.59,"10 km SSE of Guánica, Puerto Rico",-66.8708333333333,17.8883333333333,13.18,earthquake,,0,103
2024-11-13 23:09:46.450,2.89,"21 km NW of Rincón, Puerto Rico",-67.3726666666667,18.49,18.32,earthquake,,0,128
2024-11-13 22:38:31.520,3.4,"25 km NE of Miches, Dominican Republic",-68.8515,19.1126666666667,61.99,earthquake,,0,178
2024-11-13 20:55:09.170,2.63,"9 km SSE of Guánica, Puerto Rico",-66.8738333333333,17.892,12.8,earthquake,,0,106
2024-11-13 20:44:05.119,4.1,"68 km SW of Meulaboh, Indonesia",95.7134,3.6817,53.084,earthquake,,0,259
2024-11-13 18:40:42.595,4.9,"138 km S of Bengkulu, Indonesia",102.2359,-5.0536,19.821,earthquake,,0,369
2024-11-13 18:36:55.680,3.29,"12 km E of Coso Junction, CA",-117.8113333,36.0445,1.49,earthquake,,0,167
2024-11-13 18:13:30.360,3.34,"78 km SE of Boca de Yuma, Dominican Republic",-68.071,17.8838333333333,4.96,earthquake,,0,172
2024-11-13 16:34:09.884,4.5,"Izu Islands, Japan region",140.3579,31.9622,89.072,earthquake,,0,312
2024-11-13 16:13:58.373,3.6,"253 km SE of Chiniak, Alaska",-149.2576,56.0456,19.951,earthquake,,0,200
2024-11-13 15:47:56.709,4.9,"38 km S of Jurm, Afghanistan",70.8494,36.5196,224.206,earthquake,,0,370
2024-11-13 12:22:13.470,3.13,"14 km S of Fern Forest, Hawaii",-155.1315,19.3351666666667,6.53,earthquake,,0,154
2024-11-13 12:16:23.746,4.3,"46 km E of Vinchina, Argentina",-67.7268,-28.741,159.151,earthquake,,0,284
2024-11-13 11:40:27.127,3.6,"259 km SE of Chiniak, Alaska",-149.1221,56.048,10.0,earthquake,,0,199
2024-11-13 11:36:04.385,4.2,"85 km NNW of Ambon, Indonesia",127.8683,-2.9867,64.386,earthquake,,0,271
2024-11-13 10:46:55.883,2.7,"194 km SSE of Old Harbor, Alaska",-152.0073,55.6123,19.8,earthquake,,0,112
2024-11-13 10:20:35.465,4.6,"102 km ENE of Yigo Village, Guam",145.768,13.8815,76.518,earthquake,,0,326
2024-11-13 10:06:21.861,4.1,"34 km WSW of Ashkāsham, Afghanistan",71.2041,36.5278,125.016,earthquake,,0,259
2024-11-13 10:00:48.990,2.6,"60 km SE of Denali National Park, Alaska",-150.7526,63.2167,122.9,earthquake,,0,104
2024-11-13 09:32:42.697,2.5,"140 km W of Adak, Alaska",-178.6652,51.8323,96.9,earthquake,,0,96
2024-11-13 09:23:52.478,3.9,"91 km SSW of Calama, Chile",-69.4005,-23.1531,75.964,earthquake,,0,234
2024-11-13 09:07:03.162,4.5,"38 km WNW of Tatitlek, Alaska",-147.3606,60.9448,16.2,earthquake,,1,551
2024-11-13 07:24:52.960,3.19,"55 km N of Tierras Nuevas Poniente, Puerto Rico",-66.5076666666667,18.9611666666667,12.18,earthquake,,0,157
2024-11-13 07:02:08.502,4.4,"12 km S of Wada, Japan",139.9946,34.9247,97.178,earthquake,,0,299
2024-11-13 06:38:51.700,2.91,"2 km ENE of Maria Antonia, Puerto Rico",-66.8715,17.988,10.94,earthquake,,0,130
2024-11-13 06:26:04.097,4.3,"112 km S of Puerto San José, Guatemala",-90.8552,12.9147,10.0,earthquake,,0,284
2024-11-13 05:52:53.270,3.24,"61 km N of Tierras Nuevas Poniente, Puerto Rico",-66.4895,19.0148333333333,25.18,earthquake,,0,162
2024-11-13 05:22:31.935,2.5,"31 km NNE of Lowman, Idaho",-115.4971,44.3553,5.0,earthquake,,0,96
2024-11-13 05:21:50.863,4.8,southeast of the Loyalty Islands,170.9887,-22.4052,10.0,earthquake,,0,357
2024-11-13 05:21:32.130,2.75,"11 km NW of Morrison, Oklahoma",-97.1075,36.36216667,7.71,earthquake,,0,116
2024-11-13 05:13:20.699,5.1,"37 km WSW of Ashkāsham, Afghanistan",71.1536,36.5438,220.721,earthquake,,0,402
2024-11-13 04:28:42.510,4.3,"126 km NNW of Kimbe, Papua New Guinea",149.9113,-4.4272,524.163,earthquake,,0,284
2024-11-13 04:15:08.174,4.5,"110 km E of Lhasa, China",92.2414,29.6985,10.0,earthquake,,0,312
2024-11-13 03:28:11.573,4.2,"106 km NNW of La Serena, Chile",-71.7274,-29.0355,10.0,earthquake,,0,271
2024-11-13 01:41:08.664,4.9,"102 km SSW of Singaparna, Indonesia",107.8641,-8.2407,88.635,earthquake,,0,371
2024-11-13 01:29:31.011,5.1,South Sandwich Islands region,-24.8565,-58.7095,19.525,earthquake,,0,400
2024-11-13 01:24:27.777,4.4,"4 km E of Kōzaki, Japan",140.4461,35.9059,67.714,earthquake,,0,298
2024-11-13 00:49:32.213,2.9,"52 km NW of Rampart, Alaska",-150.8049,65.8983,16.3,earthquake,,0,129
2024-11-13 00:18:23.014,5.0,"11 km S of Santiago Tepextla, Mexico",-98.4411,16.2346,12.648,earthquake,,0,385
2024-11-13 00:07:36.477,4.5,"52 km E of Petropavlovsk-Kamchatsky, Russia",159.4094,53.1188,65.189,earthquake,,0,312
2024-11-12 23:41:13.180,3.36,"84 km N of Charlotte Amalie, U.S. Virgin Islands",-64.7993333333333,19.0953333333333,23.01,earthquake,,0,174
2024-11-12 23:06:41.658,4.3,"163 km NW of Vallenar, Chile",-72.0469,-27.6368,33.976,earthquake,,0,284
2024-11-12 22:14:17.600,3.36,"2 km NNE of La Parguera, Puerto Rico",-67.0365,17.9953,5.0,earthquake,,0,176
2024-11-12 22:05:06.861,2.5,"17 km NE of Hermleigh, Texas",-100.636,32.757,8.1787,earthquake,,0,96
2024-11-12 21:51:24.814,4.1,"119 km NNW of Dili, Timor Leste",125.3378,-7.5056,384.736,earthquake,,0,259
2024-11-12 21:01:33.330,3.0,"6 km SSE of Pāhala, Hawaii",-155.462829589844,19.1488342285156,46.6100006103516,earthquake,,0,139
2024-11-12 19:38:52.013,2.8,"12 km W of Chignik Lake, Alaska",-158.9693,56.2522,87.5,earthquake,,0,121
2024-11-12 16:08:42.283,5.4,north of Ascension Island,-13.2325,-1.3545,10.0,earthquake,green,0,449
2024-11-12 15:26:13.083,4.1,"225 km ESE of Attu Station, Alaska",176.3873,52.3087,114.08,earthquake,,0,259
2024-11-12 14:31:59.248,5.3,"38 km SE of Kokopo, Papua New Guinea",152.4987,-4.6006,87.552,earthquake,,0,432
2024-11-12 13:48:50.344,4.5,"62 km E of Ōarai, Japan",141.2801,36.3155,38.636,earthquake,,0,312
2024-11-12 09:24:26.883,5.2,"135 km W of Ternate, Indonesia",126.1828,0.5833,17.81,earthquake,,0,416
2024-11-12 08:35:28.963,2.6,"10 km WNW of Santo Domingo de los Colorados, Ecuador",-79.266,-0.2156,82.48,earthquake,,0,104
2024-11-12 08:30:35.144,4.4,"10 km NE of Gyalshing, India",88.3392,27.3495,10.0,earthquake,,0,299
2024-11-12 08:13:20.377,4.4,"131 km WNW of Anamizu, Japan",135.4869,37.5859,358.97,earthquake,,0,298
2024-11-12 06:26:32.196,4.6,"135 km NE of Kendari, Indonesia",123.4697,-3.2155,10.169,earthquake,,0,326
2024-11-12 05:59:44.532,4.7,"126 km NE of Kendari, Indonesia",123.3996,-3.2606,10.0,earthquake,,0,340
2024-11-12 05:16:15.970,3.55,"140 km NNE of Vieques, Puerto Rico",-65.2698,19.5795,42.0,earthquake,,0,194
2024-11-12 02:47:29.616,2.6,"61 km SSE of King Salmon, Alaska",-156.2666,58.1743,0.0,earthquake,,0,104
2024-11-12 01:38:55.943,4.3,"234 km E of Levuka, Fiji",-178.474,-18.0061,600.137,earthquake,,0,284
2024-11-12 01:26:06.230,3.0,"264 km SE of Chiniak, Alaska",-148.6214,56.3241,17.49,earthquake,,0,138
2024-11-12 01:12:57.120,4.2,"11 km NE of Denman, Australia",150.778,-32.3168,10.0,earthquake,,0,280
2024-11-12 01:12:44.830,2.79,"2 km NW of Point Arena, CA",-123.710670471191,38.9238319396973,-0.180000007152557,earthquake,,0,128
2024-11-12 01:01:01.080,3.34,"151 km NNE of Vieques, Puerto Rico",-65.2741666666667,19.6815,24.69,earthquake,,0,172
2024-11-12 00:59:35.440,2.82,"7 km ESE of La Parguera, Puerto Rico",-66.984,17.9386666666667,9.2,earthquake,,0,122
2024-11-11 23:56:24.328,4.9,"191 km ESE of Ust’-Kamchatsk Staryy, Russia",165.4283,55.7619,10.0,earthquake,,0,369
2024-11-11 22:21:52.580,4.2,"8 km SSW of Néa Flogitá, Greece",23.1921,40.1867,10.0,earthquake,,0,272
2024-11-11 22:10:09.065,4.9,"265 km WNW of Houma, Tonga",-177.7471,-20.4843,419.481,earthquake,,0,369
2024-11-11 20:21:30.740,4.5,Kuril Islands,153.8232,46.5685,53.992,earthquake,,0,312
2024-11-11 16:01:47.168,2.5,"18 km ESE of Larsen Bay, Alaska",-153.688,57.4928,9.0,earthquake,,0,96
2024-11-11 13:43:26.846,3.1,"39 km NW of Toyah, Texas",-104.096,31.561,6.1639,earthquake,,0,148
2024-11-11 13:35:30.742,5.0,Banda Sea,125.8108,-5.3993,509.604,earthquake,,0,385
2024-11-11 13:05:21.720,3.41,"19 km SSW of Stella, Puerto Rico",-67.3423,18.1716,13.0,earthquake,,0,179
2024-11-11 11:50:57.399,4.9,"Izu Islands, Japan region",139.8547,30.8043,187.988,earthquake,,0,369
2024-11-11 10:47:10.800,2.7,"55 km S of Whites City, New Mexico",-104.371,31.676,6.0999,earthquake,,0,112
2024-11-11 10:16:58.633,5.6,"Maug Islands region, Northern Mariana Islands",145.7557,20.2122,41.918,earthquake,green,0,482
2024-11-11 10:08:21.798,4.9,"111 km NW of Tual, Indonesia",132.0383,-4.9163,24.08,earthquake,,0,369
2024-11-11 08:27:55.271,4.4,"22 km ESE of Yapraklı, Turkey",34.0229,40.672,10.0,earthquake,,0,298
2024-11-11 08:19:51.211,4.2,"41 km E of Farkhār, Afghanistan",70.3151,36.5296,210.511,earthquake,,0,271
2024-11-11 08:19:29.276,4.1,"40 km SE of Molina, Chile",-70.932,-35.3348,113.78,earthquake,,0,259
2024-11-11 07:14:57.929,5.0,"109 km E of ‘Ohonua, Tonga",-173.9119,-21.2294,10.0,earthquake,,0,385
2024-11-11 06:44:36.483,2.5,"36 km SSW of Trapper Creek, Alaska",-150.5121,62.0133,15.0,earthquake,,0,98
2024-11-11 05:35:19.280,2.99,"27 km SE of Rio Dell, CA",-123.825,40.3935,30.29,earthquake,,0,139
2024-11-11 05:06:27.145,4.6,"36 km WSW of Port-Vila, Vanuatu",167.9767,-17.8176,35.0,earthquake,,0,326
2024-11-11 04:02:55.746,5.0,"118 km NE of Hihifo, Tonga",-173.1794,-15.0663,10.0,earthquake,,0,385
2024-11-11 02:34:08.050,4.7,"30 km NE of Port-Olry, Vanuatu",167.2613,-14.8408,123.788,earthquake,,0,340
2024-11-11 01:12:39.191,4.9,Banda Sea,129.6563,-6.9712,127.087,earthquake,,0,369
2024-11-11 00:39:54.786,4.1,"8 km N of Jordán, Colombia",-73.0964,6.8093,151.865,earthquake,,0,259
2024-11-10 22:35:12.752,5.0,"107 km NW of Tual, Indonesia",132.0684,-4.9359,10.0,earthquake,,0,385
2024-11-10 22:29:06.369,3.6,"3 km SW of Big Lake, Alaska",-150.0031,61.5049,35.1,earthquake,,0,253
2024-11-10 22:10:04.756,4.9,"84 km NW of San José de Jáchal, Argentina",-69.4465,-29.779,109.285,earthquake,,0,369
2024-11-10 21:53:21.370,3.56,"20 km NW of Desert Center, CA",-115.5245,33.8585,4.64,earthquake,,0,197
2024-11-10 21:29:00.257,4.9,"110 km NW of Tual, Indonesia",132.0305,-4.9391,10.0,earthquake,,0,369
2024-11-10 21:27:53.440,4.0,"53 km SSE of Media Luna, Cuba",-77.1679,19.7341,10.0,earthquake,,0,246
2024-11-10 20:55:16.326,4.5,"272 km SW of Severo-Kuril’sk, Russia",153.4229,48.9638,151.442,earthquake,,0,312
2024-11-10 20:13:16.630,3.27,"89 km N of Cruz Bay, U.S. Virgin Islands",-64.6328333333333,19.1236666666667,19.39,earthquake,,0,165
2024-11-10 19:14:19.900,4.22,"17 km SE of La Romana, Dominican Republic",-68.8358,18.3368,75.0,earthquake,,0,276
2024-11-10 18:45:37.901,4.6,"47 km SSW of Bartolomé Masó, Cuba",-77.1332,19.7783,15.315,earthquake,,0,326
2024-11-10 18:36:43.250,4.2,"49 km SSW of Bartolomé Masó, Cuba",-77.0907,19.743,16.081,earthquake,,0,271
2024-11-10 17:53:19.081,4.6,"54 km NNE of Isangel, Vanuatu",169.5187,-19.1,286.66,earthquake,,0,326
2024-11-10 17:23:31.685,4.5,"131 km SE of Antofagasta, Chile",-69.3494,-24.3444,95.902,earthquake,,0,312
2024-11-10 17:17:25.200,2.9,"23 km WNW of Hanksville, Utah",-110.972,38.4216666666667,3.62,earthquake,,0,129
2024-11-10 16:49:50.382,6.8,"40 km SSW of Bartolomé Masó, Cuba",-77.0391,19.8116,14.0,earthquake,yellow,1,825
2024-11-10 16:28:29.547,4.6,"132 km WNW of Pangai, Tonga",-175.5929,-19.5596,217.958,earthquake,,0,326
2024-11-10 16:11:04.330,2.77,"47 km N of San Juan, Puerto Rico",-66.1328333333333,18.8975,21.02,earthquake,,0,118
2024-11-10 15:50:02.566,5.9,"35 km S of Bartolomé Masó, Cuba",-76.8901,19.8523,14.219,earthquake,green,0,548
2024-11-10 15:49:09.280,3.75,"135 km NNE of Vieques, Puerto Rico",-65.388,19.5765,82.0,earthquake,,0,216
2024-11-10 15:46:59.031,5.2,"Kermadec Islands, New Zealand",-177.8097,-30.4474,36.161,earthquake,,0,416
2024-11-10 14:57:45.963,4.7,"Volcano Islands, Japan region",143.1985,25.7293,43.975,earthquake,,0,340
2024-11-10 14:44:39.298,3.4,"226 km S of Sand Point, Alaska",-160.3309,53.3078,6.2,earthquake,,0,178
2024-11-10 13:05:49.931,4.3,"73 km WSW of Ollagüe, Chile",-68.9218,-21.453,109.729,earthquake,,0,284
2024-11-10 13:02:18.396,4.2,"Pulau Pulau Tanimbar, Indonesia",130.3383,-7.9548,29.115,earthquake,,0,271
2024-11-10 12:41:07.458,2.8,"44 km ESE of Pedro Bay, Alaska",-153.409,59.5984,121.1,earthquake,,0,121
2024-11-10 12:20:37.170,2.5,"23 km WNW of Stanley, Idaho",-115.207,44.312,10.0,earthquake,,0,96
2024-11-10 09:43:23.356,4.9,Fiji region,-178.5388,-20.7634,590.905,earthquake,,0,369
2024-11-10 08:27:01.372,4.9,"171 km E of Hihifo, Tonga",-172.1996,-16.0484,10.0,earthquake,,0,369
2024-11-10 08:03:45.259,2.5,"1 km SE of Anchorage, Alaska",-149.8788,61.2055,41.3,earthquake,,0,96
2024-11-10 08:00:29.227,4.4,south of the Fiji Islands,179.9746,-23.7481,517.368,earthquake,,0,298
2024-11-10 07:44:19.761,4.4,"19 km S of San Mateo del Mar, Mexico",-94.9488,16.0331,58.843,earthquake,,0,298
2024-11-10 05:59:26.860,3.71,"138 km NNE of Vieques, Puerto Rico",-65.3571,19.5911,60.0,earthquake,,0,212
2024-11-10 05:13:22.823,4.9,"Volcano Islands, Japan region",142.824,25.6555,10.0,earthquake,,0,369
2024-11-10 05:03:46.860,3.76,"140 km NNE of Vieques, Puerto Rico",-65.3975,19.6273,44.0,earthquake,,0,218
2024-11-10 03:44:08.115,4.3,"101 km W of El Aguilar, Argentina",-66.6595,-23.0553,273.952,earthquake,,0,284
2024-11-10 01:41:22.390,2.53,"3 km SW of Indios, Puerto Rico",-66.8423333333333,17.9763333333333,17.16,earthquake,,0,98
2024-11-10 00:48:32.393,4.7,"132 km S of ‘Ohonua, Tonga",-174.7861,-22.5316,10.0,earthquake,,0,340
2024-11-09 22:36:27.727,2.5,"103 km WNW of Dutch Harbor, Alaska",-168.0782,54.1122,10.0,earthquake,,0,96
2024-11-09 21:20:41.874,4.9,"93 km NNW of Agats, Indonesia",137.7972,-4.7705,15.891,earthquake,,0,369
2024-11-09 20:37:51.040,5.0,"175 km WSW of Bayanhongor, Mongolia",98.7827,45.3885,10.0,earthquake,,0,411
2024-11-09 20:27:55.882,4.4,south of the Fiji Islands,-179.847,-23.6803,526.186,earthquake,,0,298
2024-11-09 19:35:39.230,2.62,"6 km N of Malibu, CA",-118.8001667,34.0581667,10.19,earthquake,,0,111
2024-11-09 19:30:18.770,5.8,"79 km SE of Burica, Panama",-82.3955,7.4968,10.0,earthquake,green,0,518
2024-11-09 19:17:07.885,4.7,south of the Fiji Islands,178.8975,-24.2568,536.904,earthquake,,0,340
2024-11-09 19:08:50.647,4.9,"227 km ENE of Auki, Solomon Islands",162.6312,-8.0523,10.0,earthquake,,0,369
2024-11-09 18:48:57.404,4.7,Reykjanes Ridge,-34.0215,56.3628,10.0,earthquake,,0,340
2024-11-09 17:30:36.490,2.52,"177 km WSW of Adak, Alaska",-179.132833333333,51.4965,10.77,earthquake,,0,98
2024-11-09 15:52:15.204,4.5,"47 km SSE of Kushima, Japan",131.3899,31.081,44.434,earthquake,,0,312
2024-11-09 15:17:53.819,4.9,"Volcano Islands, Japan region",142.3968,25.6202,58.273,earthquake,,0,369
2024-11-09 14:47:24.211,4.7,"Volcano Islands, Japan region",142.7583,25.2691,52.863,earthquake,,0,340
2024-11-09 14:44:53.001,3.8,"18 km WSW of Santa Lucía, Ecuador",-80.1519,-2.2585,51.868,earthquake,,0,222
2024-11-09 14:13:16.496,4.6,"Kermadec Islands, New Zealand",-177.0195,-30.2437,10.0,earthquake,,0,326
2024-11-09 13:45:33.091,5.1,southern Mid-Atlantic Ridge,-13.8292,-25.6414,10.0,earthquake,,0,400
2024-11-09 12:08:44.690,3.83,"154 km NNE of Vieques, Puerto Rico",-65.3533,19.7406,25.0,earthquake,,0,226
2024-11-09 12:02:12.140,3.7,"87 km NNE of Vieques, Puerto Rico",-65.6203,19.193,63.0,earthquake,,0,211
2024-11-09 11:26:00.270,2.7,"8 km SW of Tallaboa, Puerto Rico",-66.7656666666667,17.931,6.04,earthquake,,0,112
2024-11-09 11:09:42.760,3.73,"86 km NNE of Vieques, Puerto Rico",-65.5881,19.1755,18.0,earthquake,,0,214
2024-11-09 11:04:02.567,4.5,"63 km SE of Burica, Panama",-82.485,7.6037,10.0,earthquake,,0,312
2024-11-09 10:24:20.728,3.2,"12 km S of Atoka, New Mexico",-104.3953,32.6584,9.036,earthquake,,0,158
2024-11-09 10:15:46.730,4.68,"142 km NNE of Vieques, Puerto Rico",-65.3376,19.6238,74.0,earthquake,,0,338
2024-11-09 10:03:40.677,5.6,"78 km SE of Burica, Panama",-82.4229,7.4811,10.0,earthquake,green,0,483
2024-11-09 09:43:23.160,4.0,"140 km W of San Antonio de los Cobres, Argentina",-67.6982,-24.177,162.569,earthquake,,0,246
2024-11-09 08:37:48.870,2.6,"5 km NNW of Arecibo, Puerto Rico",-66.7295,18.516,14.78,earthquake,,0,104
2024-11-09 08:22:20.177,4.7,"103 km W of Pangai, Tonga",-175.3375,-19.786,219.192,earthquake,,0,340
2024-11-09 07:57:08.635,4.6,"44 km E of Manokwari, Indonesia",134.4599,-0.9121,59.375,earthquake,,0,326
2024-11-09 07:10:29.628,2.8,"5 km ENE of Dilley, Texas",-99.117,28.683,9.0088,earthquake,,0,121
2024-11-09 05:18:17.260,2.56,"12 km NNE of Hawaiian Ocean View, Hawaii",-155.702835083008,19.1669998168945,7.23999977111816,earthquake,,0,101
2024-11-09 05:00:39.929,5.0,"Izu Islands, Japan region",142.4566,32.308,10.0,earthquake,,0,385
2024-11-09 04:39:41.045,2.5,"41 km WNW of Whites City, New Mexico",-104.7596,32.3693,5.0,earthquake,,0,96
2024-11-09 03:53:23.071,2.7,"72 km W of Kailua-Kona, Hawaii",-156.6807,19.5532,10.0,earthquake,,0,112
2024-11-09 02:53:37.947,4.9,"222 km WNW of Gorontalo, Indonesia",121.1367,1.0803,53.481,earthquake,,0,369
2024-11-09 02:21:11.452,4.4,"47 km ENE of Tomioka, Japan",141.5411,37.4189,68.885,earthquake,,0,298
2024-11-09 01:24:07.960,2.68,"10 km NNE of Susanville, CA",-120.6435,40.5078333333333,6.26,earthquake,,0,111
2024-11-09 01:12:44.321,4.6,"14 km NNW of Santa Monica, Philippines",125.9884,10.1447,81.618,earthquake,,0,326
2024-11-09 00:51:25.713,4.0,"3 km S of Guardialfiera, Italy",14.7884,41.777,10.0,earthquake,,0,247
2024-11-09 00:38:24.180,2.81,"5 km SE of Aromas, CA",-121.6015,36.8566666666667,6.6,earthquake,,0,139
2024-11-09 00:31:04.739,3.5,"105 km ENE of Atka, Alaska",-172.801,52.6128,154.804,earthquake,,0,188
2024-11-08 23:53:05.930,3.42,"75 km N of Isabela, Puerto Rico",-67.0868333333333,19.178,32.53,earthquake,,0,180
2024-11-08 23:26:33.722,4.9,"Volcano Islands, Japan region",143.1014,25.5116,13.697,earthquake,,0,369
2024-11-08 22:35:08.191,2.9,"13 km ENE of Etna, Wyoming",-110.8494,43.0689,5.0,earthquake,,0,129
2024-11-08 22:33:39.058,3.0,"64 km ENE of Pedro Bay, Alaska",-153.0885,60.0641,12.7,earthquake,,0,139
2024-11-08 22:20:11.493,3.8,"125 km SSE of Sand Point, Alaska",-159.6851,54.3105,10.0,earthquake,,0,222
2024-11-08 22:02:55.230,4.4,"122 km SSE of Sand Point, Alaska",-159.7447,54.3291,10.0,earthquake,,0,298
2024-11-08 21:38:52.407,4.3,"127 km N of Lae, Papua New Guinea",147.0197,-5.569,203.124,earthquake,,0,284
2024-11-08 21:13:18.342,2.9,"77 km N of Aleneva, Alaska",-152.6926,58.7422,49.8,earthquake,,0,129
2024-11-08 20:43:35.494,4.4,"136 km NE of Lospalos, Timor Leste",127.7889,-7.5704,161.006,earthquake,,0,298
2024-11-08 20:35:50.063,2.9,"55 km ENE of Pedro Bay, Alaska",-153.2268,60.0272,121.7,earthquake,,0,129
2024-11-08 20:06:05.003,4.9,"275 km ENE of Dawson City, Canada",-134.5748,65.3972,8.052,earthquake,green,0,386
2024-11-08 19:58:45.587,4.6,"126 km E of Petropavlovsk-Kamchatsky, Russia",160.4905,52.9089,47.414,earthquake,,0,326
2024-11-08 19:53:55.462,4.2,"9 km SSW of Alagir, Russia",44.158,42.9713,17.18,earthquake,,0,272
2024-11-08 19:30:32.880,2.55,"14 km SSE of Guánica, Puerto Rico",-66.8626666666667,17.8433333333333,14.25,earthquake,,0,100
2024-11-08 19:05:19.840,2.55,"25 km NE of Redway, CA",-123.658,40.3068333333333,22.79,earthquake,,0,100
2024-11-08 18:36:50.657,4.6,"Volcano Islands, Japan region",142.7603,25.0682,25.859,earthquake,,0,326
2024-11-08 18:15:58.902,4.2,"63 km S of Champerico, Guatemala",-91.9096,13.7195,29.012,earthquake,,0,271
2024-11-08 16:47:04.230,2.5,"40 km NW of Akhiok, Alaska",-154.6452,57.2083,21.3,earthquake,,0,96
2024-11-08 16:31:01.912,4.6,"268 km SW of Sinabang, Indonesia",94.396,1.0959,42.881,earthquake,,0,326
2024-11-08 16:23:58.155,4.5,south of the Fiji Islands,179.9105,-25.192,512.241,earthquake,,0,312
2024-11-08 16:23:02.579,2.5,"88 km W of Akhiok, Alaska",-155.6009,56.8047,14.3,earthquake,,0,96
2024-11-08 16:17:24.936,4.6,south of the Fiji Islands,178.6394,-25.1464,577.205,earthquake,,0,326
2024-11-08 15:40:32.196,4.4,"57 km ENE of Petropavlovsk-Kamchatsky, Russia",159.4657,53.1928,75.156,earthquake,,0,298
2024-11-08 15:18:47.090,2.59,"25 km NE of Redway, CA",-123.658833333333,40.306,23.34,earthquake,,0,103
2024-11-08 15:15:12.036,4.6,"74 km WSW of Vallenar, Chile",-71.5073,-28.7234,38.344,earthquake,,0,326
2024-11-08 15:04:03.278,2.5,"53 km WSW of Nanwalek, Alaska",-152.834,59.2518,70.9,earthquake,,0,96
2024-11-08 14:50:47.698,4.8,"55 km S of Adak, Alaska",-176.6414,51.3755,35.0,earthquake,,0,355
2024-11-08 14:04:01.165,4.7,"24 km SW of Kovancılar, Turkey",39.701,38.5367,10.0,earthquake,,0,340
2024-11-08 13:08:51.530,2.72,"1 km NNW of The Geysers, CA",-122.764167785645,38.7864990234375,1.3400000333786,earthquake,,0,114
2024-11-08 11:46:49.298,4.0,"135 km SW of Adak, Alaska",-178.1648,51.1127,15.5,earthquake,,0,246
2024-11-08 11:37:57.944,6.2,"278 km WNW of Cochrane, Chile",-76.1693,-46.786,10.0,earthquake,green,0,593
2024-11-08 11:21:12.933,4.1,"268 km ENE of Dawson City, Canada",-134.7042,65.3638,10.0,earthquake,green,0,259
2024-11-08 10:37:42.503,5.1,"56 km E of Puyo, Ecuador",-77.4947,-1.4882,195.917,earthquake,,0,405
2024-11-08 09:16:49.569,2.6,"88 km SSW of Kaktovik, Alaska",-144.6116,69.4164,10.0,earthquake,,0,104
2024-11-08 08:01:20.849,4.5,"112 km S of Ambon, Indonesia",128.3521,-4.6946,266.72,earthquake,,0,312
2024-11-08 07:25:16.355,4.7,"143 km WSW of Adak, Alaska",-178.4836,51.3018,45.599,earthquake,,0,340
2024-11-08 07:00:36.500,2.92,"5 km SSE of Indios, Puerto Rico",-66.7936666666667,17.9473333333333,8.76,earthquake,,0,131
2024-11-08 06:24:22.150,2.85,"45 km ESE of Naalehu, Hawaii",-155.200666666667,18.878,8.17,earthquake,,0,125
2024-11-08 06:24:14.340,2.62,"43 km ESE of Naalehu, Hawaii",-155.222,18.865,10.32,earthquake,,0,106
2024-11-08 06:14:35.227,2.5,"56 km W of Nanwalek, Alaska",-152.8993,59.4536,112.784,earthquake,,0,96
2024-11-08 05:00:54.909,4.6,"120 km ENE of Lhasa, China",92.3024,29.9346,10.0,earthquake,,0,326
2024-11-08 04:44:06.768,2.6,"4 km SE of Seeley Lake, Montana",-113.4352,47.1512,10.0,earthquake,,0,107
2024-11-08 04:01:11.650,3.5,"138 km W of Adak, Alaska",-178.6178,51.7133,19.848,earthquake,,0,188
2024-11-08 03:39:13.220,3.12,"52 km NNW of Charlotte Amalie, U.S. Virgin Islands",-65.0363333333333,18.8073333333333,22.06,earthquake,,0,150
2024-11-08 03:13:36.919,4.1,"76 km W of San Antonio de los Cobres, Argentina",-67.0658,-24.2741,178.53,earthquake,,0,259
2024-11-08 02:53:22.940,5.0,West Chile Rise,-84.6349,-41.4541,10.0,earthquake,,0,385
2024-11-08 01:17:19.591,4.6,"Volcano Islands, Japan region",142.6689,25.5174,22.218,earthquake,,0,326
2024-11-08 00:28:16.300,3.42,"89 km N of Cruz Bay, U.S. Virgin Islands",-64.7091666666667,19.134,26.4,earthquake,,0,180
2024-11-08 00:04:56.863,4.3,"274 km SSW of Oviedo, Dominican Republic",-72.6332,15.6271,10.0,earthquake,,0,284
2024-11-07 23:50:56.787,2.6,"11 km NW of Whites City, New Mexico",-104.4694,32.2397,7.493,earthquake,,0,104
2024-11-07 22:10:50.701,4.3,"5 km SW of Bulnes, Chile",-72.3489,-36.7747,67.767,earthquake,green,0,284
2024-11-07 21:49:31.470,3.33,"45 km NNE of Cruz Bay, U.S. Virgin Islands",-64.5998333333333,18.7026666666667,23.3,earthquake,,0,171
2024-11-07 21:43:58.242,4.6,"Volcano Islands, Japan region",142.6876,25.425,10.0,earthquake,,0,326
2024-11-07 21:36:11.699,4.4,"17 km ESE of Chuquitira, Peru",-69.8918,-17.3468,160.42,earthquake,,0,298
2024-11-07 20:23:10.113,4.6,"Volcano Islands, Japan region",142.7492,25.5101,10.0,earthquake,,0,326
2024-11-07 20:11:24.533,4.8,"Volcano Islands, Japan region",142.6476,25.4807,10.0,earthquake,,0,354
2024-11-07 20:07:06.214,4.7,"Volcano Islands, Japan region",142.6811,25.2754,10.0,earthquake,,0,340
2024-11-07 20:06:29.105,4.5,"Volcano Islands, Japan region",142.6431,25.2908,10.0,earthquake,,0,312
2024-11-07 19:53:54.277,5.2,"Volcano Islands, Japan region",142.6729,25.4663,10.0,earthquake,,0,416
2024-11-07 19:12:30.536,4.7,"Volcano Islands, Japan region",142.8763,25.4702,10.0,earthquake,,0,340
2024-11-07 17:07:14.271,4.5,"143 km WNW of Panguna, Papua New Guinea",154.336,-5.724,130.942,earthquake,,0,312
2024-11-07 16:42:04.957,5.2,"135 km WNW of Panguna, Papua New Guinea",154.4274,-5.7029,91.464,earthquake,,0,416
2024-11-07 15:54:10.882,4.7,"Volcano Islands, Japan region",142.671,25.5181,37.757,earthquake,,0,340
2024-11-07 14:56:57.938,4.8,"156 km S of San Pedro de Atacama, Chile",-67.9645,-24.3071,110.798,earthquake,,0,354
2024-11-07 14:17:56.183,2.6,"127 km W of Yachats, Oregon",-125.705,44.3061,10.0,earthquake,,0,104
2024-11-07 12:47:19.248,4.3,"42 km S of Iztapa, Guatemala",-90.702,13.5504,46.905,earthquake,,0,285
2024-11-07 12:05:20.563,4.7,"Volcano Islands, Japan region",142.4165,25.6363,29.645,earthquake,,0,340
2024-11-07 11:53:30.120,3.46,"4 km ENE of Stovepipe Wells, CA",-117.1035,36.6175,0.77,earthquake,,0,186
2024-11-07 09:17:29.639,2.5,"62 km W of Tyonek, Alaska",-152.2903,61.0809,115.5,earthquake,,0,96
2024-11-07 09:07:51.634,4.9,"105 km S of Koshima, Japan",130.6395,29.2849,35.0,earthquake,,0,369
2024-11-07 09:00:05.104,5.1,South Sandwich Islands region,-27.275,-56.2107,102.654,earthquake,,0,400
2024-11-07 08:39:06.790,3.35,"22 km N of Borrego Springs, CA",-116.4096667,33.4471667,9.66,earthquake,,0,357
2024-11-07 07:08:25.420,3.68,"32 km E of Miches, Dominican Republic",-68.7361,18.9938,67.0,earthquake,,0,209
2024-11-07 06:24:38.456,5.0,"12 km SE of Changuillo, Peru",-75.1545,-14.757,54.789,earthquake,,0,386
2024-11-07 06:24:35.660,3.83,"51 km NE of Miches, Dominican Republic",-68.7455,19.3445,39.0,earthquake,,0,226
2024-11-07 05:59:19.842,4.2,"17 km SE of Macas, Ecuador",-78.0112,-2.4289,112.598,earthquake,,0,271
2024-11-07 04:31:33.207,5.4,Mid-Indian Ridge,74.8589,-42.2511,10.0,earthquake,green,0,449
2024-11-07 02:54:23.810,3.51,"70 km NE of Cruz Bay, U.S. Virgin Islands",-64.3936,18.8383,10.0,earthquake,,0,190
2024-11-07 02:12:34.367,5.0,"Volcano Islands, Japan region",142.6825,25.4828,10.0,earthquake,,0,385
2024-11-07 02:01:57.630,2.63,"1 km WSW of Indios, Puerto Rico",-66.8325,17.9881666666667,15.53,earthquake,,0,106
2024-11-07 01:55:31.364,5.5,"Kermadec Islands, New Zealand",-177.1614,-30.3078,10.0,earthquake,green,0,465
2024-11-07 01:11:47.174,5.2,"Volcano Islands, Japan region",142.8226,25.484,10.274,earthquake,,0,416
2024-11-07 00:27:10.605,4.2,"52 km W of Nelson Lagoon, Alaska",-162.0385,55.9238,171.036,earthquake,,0,271
2024-11-06 23:09:59.330,2.85,"4 km ENE of Stovepipe Wells, CA",-117.1121667,36.6188333,3.98,earthquake,,0,126
2024-11-06 22:55:04.063,5.8,"Volcano Islands, Japan region",142.8479,25.4621,8.0,earthquake,green,0,518
2024-11-06 21:35:37.300,3.2,"29 km N of Atka, Alaska",-174.144333333333,52.461,7.88,earthquake,,0,158
2024-11-06 20:19:56.366,4.7,"106 km E of Lhasa, China",92.1809,29.8251,10.0,earthquake,,0,340
2024-11-06 19:57:20.650,3.23,"25 km NNE of Luquillo, Puerto Rico",-65.5898333333333,18.5638333333333,80.41,earthquake,,0,161
2024-11-06 18:06:18.460,4.5,"254 km ENE of Lospalos, Timor Leste",129.0443,-7.4485,129.956,earthquake,,0,312
2024-11-06 17:54:15.820,2.68,"4 km ENE of Stovepipe Wells, CA",-117.1091667,36.6193333,7.97,earthquake,,0,110
2024-11-06 17:19:36.448,5.0,"48 km S of Hualien City, Taiwan",121.6662,23.5462,10.0,earthquake,,0,386
2024-11-06 16:17:45.940,3.01,"8 km SSE of San Clemente Is. (SE tip), CA",-118.3131667,32.7546667,-0.21,earthquake,,0,140
2024-11-06 15:55:08.401,5.9,Fiji region,-177.8409,-18.0569,434.209,earthquake,green,0,536
2024-11-06 15:38:47.574,5.1,Fiji region,-178.643,-20.8572,588.093,earthquake,,0,400
2024-11-06 15:27:45.086,4.7,"141 km SSE of Lata, Solomon Islands",166.1371,-11.9576,10.0,earthquake,,0,340
2024-11-06 15:20:31.513,3.8,"89 km SE of Ugashik, Alaska",-156.2451,57.0052,10.0,earthquake,,0,222
2024-11-06 15:19:34.262,4.6,south of the Kermadec Islands,-177.6811,-33.6041,35.0,earthquake,,0,326
2024-11-06 14:42:53.580,2.58,"2 km SW of Pāhala, Hawaii",-155.494666666667,19.1926666666667,35.98,earthquake,,0,103
2024-11-06 14:36:23.490,5.9,"124 km ESE of Kokopo, Papua New Guinea",153.302,-4.7902,52.155,earthquake,green,0,536
2024-11-06 10:12:48.495,2.5,"27 km SE of Pedro Bay, Alaska",-153.7112,59.6495,142.0,earthquake,,0,96
2024-11-06 09:14:52.589,4.6,"121 km SW of Abepura, Indonesia",139.8406,-3.3545,94.045,earthquake,,0,326
2024-11-06 07:27:22.780,2.87,"4 km WSW of Fuig, Puerto Rico",-66.9526666666667,17.9656666666667,12.28,earthquake,,0,127
2024-11-06 07:01:19.595,5.0,"46 km WSW of Ollagüe, Chile",-68.6776,-21.3652,117.841,earthquake,,0,385
2024-11-06 05:19:47.574,2.6,"42 km SSE of Denali National Park, Alaska",-151.3103,63.2062,0.0,earthquake,,0,104
2024-11-06 04:06:56.480,3.04,"2 km SSW of Indios, Puerto Rico",-66.829,17.9721666666667,16.0,earthquake,,0,142
2024-11-06 03:34:19.750,2.94,"19 km N of Shelter Cove, CA",-124.117,40.2001666666667,12.52,earthquake,,0,133
2024-11-06 02:50:27.639,4.3,"37 km WSW of Illapel, Chile",-71.5492,-31.7172,43.383,earthquake,,0,284
2024-11-06 02:23:28.240,3.58,"75 km N of Cruz Bay, U.S. Virgin Islands",-64.7596,19.0168,8.0,earthquake,,0,197
2024-11-06 01:14:37.330,2.53,"2 km SW of Indios, Puerto Rico",-66.8371666666667,17.9741666666667,14.78,earthquake,,0,98
2024-11-05 21:17:12.130,2.5,"24 km WSW of Susitna, Alaska",-150.9441,61.4733,57.0,earthquake,,0,96
2024-11-05 19:39:41.219,5.7,"14 km NNW of Santa Ana, Peru",-75.1973,-12.9349,79.395,earthquake,green,0,513
2024-11-05 19:22:01.750,2.55,"5 km WSW of Ciales, Puerto Rico",-66.5208333333333,18.3215,11.75,earthquake,,0,100
2024-11-05 18:55:53.654,2.6,"27 km S of Kokhanok, Alaska",-154.6924,59.1923,78.0,earthquake,,0,104
2024-11-05 18:55:35.807,2.8,"64 km E of Port Alsworth, Alaska",-153.1599,60.1449,154.6,earthquake,,0,121
2024-11-05 18:08:27.112,4.6,"29 km ENE of Hualien City, Taiwan",121.8759,24.0815,37.306,earthquake,,0,326
2024-11-05 16:46:51.800,3.32,"95 km NNE of Cruz Bay, U.S. Virgin Islands",-64.5681666666667,19.164,9.39,earthquake,,0,170
2024-11-05 13:51:52.650,3.2,"87 km SE of Ugashik, Alaska",-156.3567,56.9695,25.9,earthquake,,0,158
2024-11-05 13:01:12.877,2.8,"42 km W of Las Brisas, Mexico",-116.6024,30.9049,10.0,earthquake,,0,121
2024-11-05 12:43:32.940,3.84,"93 km NNE of Cruz Bay, U.S. Virgin Islands",-64.3493,19.065,21.0,earthquake,,0,227
2024-11-05 12:19:29.400,3.23,"95 km NNE of Cruz Bay, U.S. Virgin Islands",-64.5738333333333,19.1646666666667,32.09,earthquake,,0,161
2024-11-05 12:15:29.900,3.68,"97 km NNE of Cruz Bay, U.S. Virgin Islands",-64.5576,19.1821,17.0,earthquake,,0,208
2024-11-05 12:07:43.049,2.5,"56 km S of Whites City, New Mexico",-104.442,31.665,6.0358,earthquake,,0,96
2024-11-05 11:42:32.230,4.75,"5 km SW of Pāhala, Hawaii",-155.511833333333,19.16,38.35,earthquake,green,0,578
2024-11-05 11:27:00.400,3.46,"55 km ESE of Punta Cana, Dominican Republic",-67.9595,18.3133,7.0,earthquake,,0,184
2024-11-05 10:56:55.620,2.5,"60 km WSW of Elfin Cove, Alaska",-137.331,58.0589,14.909,earthquake,,0,96
2024-11-05 10:14:24.819,4.4,"16 km NW of Villa Basilio Nievas, Argentina",-68.8447,-31.4303,114.408,earthquake,,0,298
2024-11-05 10:06:02.413,5.3,"296 km E of Poronaysk, Russia",147.1684,49.4193,576.681,earthquake,,0,432
2024-11-05 09:27:45.439,4.7,"27 km SSE of Novobod, Tajikistan",70.2761,38.784,10.0,earthquake,,0,340
2024-11-05 09:11:16.178,2.5,"59 km SSW of Unalaska, Alaska",-166.9821,53.4115,10.0,earthquake,,0,96
2024-11-05 09:03:02.996,4.7,"58 km SSE of Rasht, Tajikistan",70.5238,38.5183,10.0,earthquake,,0,351
2024-11-05 06:52:42.355,3.2,"77 km SSW of Kaktovik, Alaska",-144.0504,69.4516,6.4,earthquake,,0,158
2024-11-05 06:14:38.026,2.7,"15 km SE of Stockdale, Texas",-97.859,29.124,2.8076,earthquake,,0,113
2024-11-05 05:53:39.380,3.4,"14 km WNW of Rincón, Puerto Rico",-67.3701666666667,18.4106666666667,9.16,earthquake,,0,178
2024-11-05 05:39:00.940,3.07,"2 km SSW of Indios, Puerto Rico",-66.8301666666667,17.972,15.47,earthquake,,0,145
2024-11-05 04:31:41.022,2.7,"65 km ESE of Denali National Park, Alaska",-150.5942,63.2482,129.2,earthquake,,0,112
2024-11-05 03:33:05.920,2.57,"3 km SSW of Indios, Puerto Rico",-66.8271666666667,17.9625,16.62,earthquake,,0,102
2024-11-05 03:14:07.421,5.0,"39 km NNW of Pizarro, Colombia",-77.4477,5.2975,39.391,earthquake,,0,385
2024-11-05 01:48:48.283,4.7,"49 km SE of Minuri, Philippines",122.229,16.2706,35.0,earthquake,,0,340
2024-11-05 00:37:14.882,4.4,"8 km SSE of Chalandrítsa, Greece",21.8279,38.0438,82.309,earthquake,,0,298
2024-11-05 00:31:12.632,5.0,"53 km SE of Pangai, Tonga",-173.9599,-20.116,10.0,earthquake,,0,385
2024-11-04 23:42:48.130,2.74,"2 km SSW of Indios, Puerto Rico",-66.8273333333333,17.9773333333333,15.42,earthquake,,0,116
2024-11-04 23:11:19.851,4.3,south of the Fiji Islands,-179.553,-22.457,563.476,earthquake,,0,284
2024-11-04 23:08:40.000,3.13,"76 km NNE of Luquillo, Puerto Rico",-65.4356666666667,19.01,11.05,earthquake,,0,151
2024-11-04 22:59:46.067,2.9,"63 km N of Petersville, Alaska",-150.9301,63.0645,119.0,earthquake,,0,129
2024-11-04 21:57:13.932,2.6,"60 km ENE of Pedro Bay, Alaska",-153.1875,60.0816,133.3,earthquake,,0,104
2024-11-04 20:47:02.790,2.71,"50 km S of La Parguera, Puerto Rico",-67.0451666666667,17.5176666666667,9.39,earthquake,,0,113
2024-11-04 20:46:24.759,4.7,"Volcano Islands, Japan region",142.5729,25.434,10.0,earthquake,,0,340
2024-11-04 19:16:52.922,4.4,"266 km E of Levuka, Fiji",-178.1767,-17.8362,602.645,earthquake,,0,298
2024-11-04 18:35:42.975,4.2,"73 km SW of Acajutla, El Salvador",-90.3624,13.1837,34.106,earthquake,,0,271
2024-11-04 17:52:17.590,2.76,"10 km ENE of Borrego Springs, CA",-116.2831667,33.2988333,11.48,earthquake,,0,117
2024-11-04 17:51:03.866,4.5,"190 km NNW of Sola, Vanuatu",166.7681,-12.3355,248.19,earthquake,,0,312
2024-11-04 17:46:26.400,2.76,"28 km SE of El Negro, Puerto Rico",-65.6476666666667,17.8708333333333,39.14,earthquake,,0,117
2024-11-04 16:41:29.700,3.1,"47 km W of Ferndale, CA",-124.806,40.4976666666667,18.98,earthquake,,0,149
2024-11-04 15:10:56.088,4.6,"5 km WNW of Ichihara, Japan",140.0284,35.5317,70.646,earthquake,,0,326
2024-11-04 15:03:53.104,4.5,"81 km ENE of Palca, Peru",-69.2447,-17.5119,159.209,earthquake,,0,312
2024-11-04 13:39:04.022,2.6,"40 km S of False Pass, Alaska",-163.4371,54.4925,10.426,earthquake,,0,104
2024-11-04 12:49:15.878,4.6,"252 km WNW of Houma, Tonga",-177.55,-20.3254,501.088,earthquake,,0,326
2024-11-04 11:40:34.834,2.5,"43 km NNE of Aleneva, Alaska",-152.7354,58.4412,40.0,earthquake,,0,96
2024-11-04 11:20:01.540,3.11,"16 km ESE of Anza, CA",-116.5166667,33.4986667,12.86,earthquake,,0,321
2024-11-04 09:13:52.613,4.4,"166 km NE of Lospalos, Timor Leste",128.0633,-7.4553,136.087,earthquake,,0,298
2024-11-04 08:32:26.967,4.9,"10 km W of Lingig, Philippines",126.3166,8.0326,10.0,earthquake,,0,370
2024-11-04 07:57:21.349,4.9,Reykjanes Ridge,-34.0674,56.3918,10.0,earthquake,,0,369
2024-11-04 06:19:22.002,4.1,"91 km SW of Adak, Alaska",-177.7387,51.4204,46.36,earthquake,,0,259
2024-11-04 06:01:54.420,2.91,"4 km WNW of Santo Domingo, Puerto Rico",-66.7945,18.0783333333333,4.97,earthquake,,0,130
2024-11-04 05:37:56.871,4.4,"4 km WSW of Iztapa, Guatemala",-90.7397,13.9142,83.52,earthquake,,0,298
2024-11-04 03:26:05.146,4.5,"107 km S of Bambanglipuro, Indonesia",110.2288,-8.917,103.318,earthquake,,0,312
2024-11-04 02:58:35.526,4.3,"19 km ESE of Waikawa, New Zealand",174.276,-41.3027,35.0,earthquake,,0,287
2024-11-04 02:37:43.831,4.3,"30 km NE of Farkhār, Afghanistan",70.1325,36.7343,215.364,earthquake,,0,284
2024-11-04 02:36:03.594,4.2,"23 km NNE of Telica, Nicaragua",-86.7874,12.7261,10.0,earthquake,,0,271
2024-11-04 00:23:16.660,2.54,"5 km NW of Sabana Grande, Puerto Rico",-66.998,18.1088333333333,13.27,earthquake,,0,99
2024-11-04 00:00:02.708,2.7,"59 km S of Whites City, New Mexico",-104.373,31.638,6.0101,earthquake,,0,112
2024-11-03 21:18:40.134,4.7,"19 km SW of Challapata, Bolivia",-66.918,-19.0011,257.722,earthquake,,0,340
2024-11-03 20:14:06.020,3.47,"118 km N of Isabela, Puerto Rico",-67.117,19.5688,67.0,earthquake,,0,185
2024-11-03 20:09:10.826,2.7,"59 km S of Whites City, New Mexico",-104.5,31.645,6.8689,earthquake,,0,112
2024-11-03 19:48:44.259,4.9,Bouvet Island region,2.802,-53.8662,10.0,earthquake,,0,369
2024-11-03 19:20:49.880,4.7,"Volcano Islands, Japan region",142.7637,25.4788,10.0,earthquake,,0,340
2024-11-03 19:07:55.580,3.41,"89 km E of Cruz Bay, U.S. Virgin Islands",-63.9515,18.2855,4.98,earthquake,,0,179
2024-11-03 18:57:53.650,3.11,"44 km WSW of Stella, Puerto Rico",-67.628,18.1551666666667,67.93,earthquake,,0,149
2024-11-03 18:31:22.702,3.0,"21 km NNW of Stanton, Texas",-101.841,32.315,6.3721,earthquake,,0,139
2024-11-03 17:58:30.364,4.2,"26 km WSW of Bardsīr, Iran",56.3313,29.8025,10.0,earthquake,,0,271
2024-11-03 17:30:00.790,2.9,"28 km SE of Emajagua, Puerto Rico",-65.6716666666667,17.8445,19.93,earthquake,,0,129
2024-11-03 17:12:32.930,3.44,"3 km ENE of Fortuna, CA",-124.129166666667,40.6081666666667,21.42,earthquake,,0,272
2024-11-03 17:09:26.013,4.7,"Volcano Islands, Japan region",142.4937,25.4153,10.0,earthquake,,0,340
2024-11-03 17:03:52.194,5.2,"12 km SSW of Néa Poteídaia, Greece",23.2479,40.0979,9.0,earthquake,,0,460
2024-11-03 16:06:40.509,5.0,"199 km N of Madang, Papua New Guinea",145.8694,-3.415,19.232,earthquake,,0,385
2024-11-03 15:36:05.640,3.22,"44 km ESE of Naalehu, Hawaii",-155.1995,18.8843333333333,11.23,earthquake,,0,160
2024-11-03 15:34:55.690,4.8,"Volcano Islands, Japan region",142.645,25.4158,22.161,earthquake,,0,354
2024-11-03 14:09:33.812,4.8,"Volcano Islands, Japan region",142.5714,25.4729,38.276,earthquake,,0,354
2024-11-03 14:06:27.460,2.91,"26 km SE of Emajagua, Puerto Rico",-65.6813333333333,17.8648333333333,6.29,earthquake,,0,130
2024-11-03 13:47:38.847,4.3,"104 km WNW of Vinchina, Argentina",-69.1718,-28.3604,111.194,earthquake,,0,284
2024-11-03 13:32:28.144,2.8,"41 km SE of Denali National Park, Alaska",-151.1625,63.2691,6.9,earthquake,,0,121
2024-11-03 12:20:49.342,4.7,"Volcano Islands, Japan region",142.5467,25.4098,10.0,earthquake,,0,340
2024-11-03 12:06:47.006,4.9,"Volcano Islands, Japan region",142.5981,25.4573,10.0,earthquake,,0,369
2024-11-03 11:47:45.550,2.6,"4 km SW of Pāhala, Hawaii",-155.511833333333,19.1796666666667,31.66,earthquake,,0,104
2024-11-03 11:17:45.103,5.0,Fiji region,-178.8835,-21.5515,573.724,earthquake,,0,385
2024-11-03 11:01:21.826,4.1,"85 km ESE of Adak, Alaska",-175.564,51.4904,35.0,earthquake,,0,259
2024-11-03 10:56:48.615,5.8,"82 km ESE of Adak, Alaska",-175.6197,51.4799,34.0,earthquake,green,1,519
2024-11-03 10:41:17.660,3.14,"48 km ESE of Naalehu, Hawaii",-155.1935,18.8298333333333,10.84,earthquake,,0,152
2024-11-03 08:31:57.810,2.6,"10 km ENE of Pāhala, Hawaii",-155.396833333333,19.2543333333333,32.17,earthquake,,0,104
2024-11-03 07:57:27.764,4.8,"112 km NNE of Baukau, Timor Leste",126.7752,-7.5123,249.783,earthquake,,0,354
2024-11-03 05:59:52.820,4.9,"125 km SSW of Kokopo, Papua New Guinea",152.0393,-5.4518,50.122,earthquake,,0,369
2024-11-03 05:23:05.679,4.7,"128 km SE of Katsuren-haebaru, Japan",128.8029,25.5322,10.0,earthquake,,0,340
2024-11-03 04:58:06.328,4.2,"197 km WNW of Pathein, Myanmar",92.9735,17.3527,10.0,earthquake,,0,271
2024-11-03 04:35:05.409,4.4,"137 km E of Yuzhno-Sakhalinsk, Russia",144.545,46.9457,403.601,earthquake,,0,298
2024-11-03 04:16:39.021,4.3,"73 km N of La Serena, Chile",-71.2687,-29.2422,46.06,earthquake,,0,285
2024-11-03 04:04:04.620,5.4,"129 km NNE of Barrancas, Argentina",-69.5173,-35.7026,189.089,earthquake,green,0,456
2024-11-03 03:44:03.280,3.69,"3 km E of Steele, Missouri",-89.796,36.081,10.46,earthquake,,0,467
2024-11-03 03:10:37.062,4.5,southern Mid-Atlantic Ridge,-11.3971,-26.4653,10.0,earthquake,,0,312
2024-11-03 02:59:09.630,3.0,"21 km WNW of Stanley, Idaho",-115.1818,44.2958,10.0,earthquake,,0,139
2024-11-03 01:49:29.110,3.7,"44 km SE of Pāhala, Hawaii",-155.1725,18.931,11.51,earthquake,,0,211
2024-11-03 01:46:11.557,4.6,"4 km ENE of Īstgāh-e Rāh Āhan-e Garmsār, Iran",52.3587,35.2471,35.0,earthquake,,0,330
2024-11-03 01:28:29.555,4.6,"85 km N of Opotiki, New Zealand",177.4296,-37.2505,139.25,earthquake,,0,326
2024-11-03 01:22:28.620,3.06,"43 km SE of Pāhala, Hawaii",-155.183333333333,18.9228333333333,9.26,earthquake,,0,144
2024-11-03 01:13:55.960,2.73,"45 km SE of Pāhala, Hawaii",-155.177166666667,18.9106666666667,11.22,earthquake,,0,115
2024-11-03 00:33:50.333,4.0,"57 km SE of Naalehu, Hawaii",-155.1335,18.7742,10.0,earthquake,green,0,246
2024-11-03 00:11:52.000,2.76,"45 km SE of Pāhala, Hawaii",-155.1605,18.9186666666667,11.23,earthquake,,0,117
2024-11-02 23:59:45.780,3.37,"47 km ESE of Naalehu, Hawaii",-155.1785,18.8635,10.37,earthquake,,0,175
2024-11-02 23:54:17.885,4.7,"85 km WSW of Ternate, Indonesia",126.6829,0.4725,67.612,earthquake,,0,340
2024-11-02 23:01:03.495,3.4,"225 km SE of Chiniak, Alaska",-149.9936,56.0188,10.0,earthquake,,0,178
2024-11-02 22:58:32.887,3.9,"10 km N of Sincik, Turkey",38.6038,38.127,10.0,earthquake,,0,234
2024-11-02 22:52:56.670,3.05,"44 km SE of Naalehu, Hawaii",-155.262833333333,18.7995,9.54,earthquake,,0,143
2024-11-02 22:44:25.450,3.15,"44 km SE of Pāhala, Hawaii",-155.177333333333,18.9161666666667,10.25,earthquake,,0,153
2024-11-02 22:05:14.470,4.32,"50 km ESE of Naalehu, Hawaii",-155.158333333333,18.8515,5.82,earthquake,green,0,358
2024-11-02 21:55:32.950,2.99,"91 km SSW of Alberto Oviedo Mota, B.C., MX",-115.619,31.502,7.42,earthquake,,0,138
2024-11-02 21:04:13.623,4.7,"29 km NNW of Āwash, Ethiopia",40.1035,9.239,10.0,earthquake,,0,378
2024-11-02 20:46:45.096,4.3,"74 km S of Koshima, Japan",130.6259,29.5659,35.0,earthquake,,0,284
2024-11-02 20:44:47.410,4.2,"81 km W of Panguna, Papua New Guinea",154.7519,-6.2872,35.0,earthquake,,0,271
2024-11-02 20:37:54.260,3.17,"91 km SSW of Alberto Oviedo Mota, B.C., MX",-115.6171667,31.4981667,7.27,earthquake,,0,155
2024-11-02 20:28:40.730,3.94,"91 km SSW of Alberto Oviedo Mota, B.C., MX",-115.6151667,31.5043333,4.65,earthquake,,0,267
2024-11-02 20:27:57.760,3.2,"57 km ESE of Lovelock, Nevada",-117.8603,39.9588,6.2,earthquake,,0,158
2024-11-02 19:59:15.189,5.1,"58 km WSW of Jiquilillo, Nicaragua",-87.9507,12.545,68.502,earthquake,,0,403
2024-11-02 19:57:12.130,2.77,"6 km WNW of Palomas, Puerto Rico",-66.3096666666667,18.2646666666667,22.27,earthquake,,0,118
2024-11-02 19:40:04.541,2.5,"43 km SE of Pāhala, Hawaii",-155.1473,18.961,10.0,earthquake,,0,96
2024-11-02 19:30:17.290,3.19,"47 km ESE of Naalehu, Hawaii",-155.203,18.8348333333333,13.96,earthquake,,0,157
2024-11-02 19:28:58.609,4.9,"Volcano Islands, Japan region",142.8273,25.4405,10.0,earthquake,,0,369
2024-11-02 19:27:31.690,2.99,"45 km N of San Juan, Puerto Rico",-66.0403333333333,18.8691666666667,29.9,earthquake,,0,138
2024-11-02 18:37:41.002,4.4,"38 km SE of La Puerta de San José, Argentina",-66.7158,-27.7709,179.226,earthquake,,0,298
2024-11-02 18:08:51.452,4.6,"45 km WNW of Tamarindo, Costa Rica",-86.2296,10.4571,10.0,earthquake,,0,326
2024-11-02 17:18:04.504,4.5,Fiji region,-177.5472,-18.4405,551.23,earthquake,,0,312
2024-11-02 17:16:29.560,2.77,"10 km N of Bear River, Wyoming",-111.025666666667,41.4773333333333,6.13,earthquake,,0,119
2024-11-02 16:11:15.083,4.2,"73 km WSW of Ollagüe, Chile",-68.9471,-21.3698,132.058,earthquake,,0,271
2024-11-02 15:33:17.771,4.5,"192 km SSE of Unalaska, Alaska",-165.104,52.3777,9.733,earthquake,,0,312
2024-11-02 13:40:35.389,3.0,"55 km S of Whites City, New Mexico",-104.366,31.673,5.5487,earthquake,,0,138
2024-11-02 13:27:42.998,2.5,"84 km NNW of Karluk, Alaska",-154.8392,58.2979,2.5,earthquake,,0,96
2024-11-02 11:48:40.015,4.2,"114 km WSW of Adak, Alaska",-178.1574,51.4712,27.104,earthquake,,0,271
2024-11-02 10:37:11.336,4.2,"124 km NNW of Finschhafen, Papua New Guinea",147.4819,-5.4924,165.562,earthquake,,0,271
2024-11-02 10:19:42.455,5.2,"196 km WSW of Bandar Lampung, Indonesia",103.6905,-6.2562,18.849,earthquake,,0,416
2024-11-02 09:49:25.170,3.97,"41 km ESE of Naalehu, Hawaii",-155.235833333333,18.8836666666667,11.48,earthquake,,0,242
2024-11-02 08:57:30.570,3.17,"43 km ESE of Naalehu, Hawaii",-155.2245,18.8698333333333,10.81,earthquake,,0,155
2024-11-02 08:51:10.563,2.5,"4 km NNE of Big Lake, Alaska",-149.9316,61.5648,33.0,earthquake,,0,96
2024-11-02 08:33:41.320,4.6,"87 km SSE of Hihifo, Tonga",-173.4622,-16.6769,63.464,earthquake,,0,326
2024-11-02 08:18:06.660,3.2,"43 km ESE of Naalehu, Hawaii",-155.218666666667,18.8785,10.93,earthquake,,0,158
2024-11-02 07:42:14.530,5.0,"27 km N of La Serena, Chile",-71.2425,-29.6606,68.275,earthquake,,0,387
2024-11-02 07:20:18.163,4.2,"103 km SE of Taliwang, Indonesia",117.4924,-9.4282,74.206,earthquake,,0,271
2024-11-02 07:13:37.350,3.7,"47 km E of Punta Cana, Dominican Republic",-67.9538,18.6151,114.0,earthquake,,0,211
2024-11-02 07:10:00.150,2.81,"43 km ESE of Naalehu, Hawaii",-155.213,18.8808333333333,10.52,earthquake,,0,121
2024-11-02 07:03:36.620,3.32,"43 km ESE of Naalehu, Hawaii",-155.2185,18.8733333333333,10.57,earthquake,,0,170
2024-11-02 06:53:50.230,2.87,"45 km ESE of Naalehu, Hawaii",-155.214,18.8533333333333,10.73,earthquake,,0,127
2024-11-02 06:31:47.860,3.34,"42 km ESE of Naalehu, Hawaii",-155.214833333333,18.8986666666667,7.29,earthquake,,0,172
2024-11-02 06:27:32.595,5.0,"90 km SSE of Hengchun, Taiwan",121.029,21.227,16.672,earthquake,,0,385
2024-11-02 06:19:45.030,2.76,"44 km ESE of Naalehu, Hawaii",-155.205,18.8905,10.74,earthquake,,0,117
2024-11-02 06:02:08.303,2.9,"5 km SW of Anchor Point, Alaska",-151.9046,59.7408,54.9,earthquake,,0,130
2024-11-02 05:50:52.276,4.7,"81 km WNW of Aksu, China",79.4209,41.5266,10.0,earthquake,,0,340
2024-11-02 05:19:44.390,3.41,"45 km ESE of Naalehu, Hawaii",-155.195166666667,18.8741666666667,11.0,earthquake,,0,179
2024-11-02 05:03:54.852,5.3,"234 km E of Levuka, Fiji",-178.4687,-17.9649,580.061,earthquake,,0,432
2024-11-02 04:55:58.040,2.66,"46 km ESE of Naalehu, Hawaii",-155.209833333333,18.8386666666667,9.72,earthquake,,0,109
2024-11-02 04:54:45.640,2.58,"45 km SE of Naalehu, Hawaii",-155.225333333333,18.8396666666667,9.25,earthquake,,0,102
2024-11-02 03:44:31.626,2.6,"65 km WNW of Beluga, Alaska",-152.2601,61.3058,8.3,earthquake,,0,104
2024-11-02 03:37:28.132,4.0,"71 km NNW of Aleneva, Alaska",-153.4909,58.6264,78.2,earthquake,,0,248
2024-11-02 03:14:00.516,4.3,"168 km N of Baukau, Timor Leste",126.6371,-6.959,413.063,earthquake,,0,284
2024-11-02 01:51:02.390,3.84,"89 km NNW of San Antonio, Puerto Rico",-67.3871,19.2525,65.0,earthquake,,0,227
2024-11-02 01:48:54.477,2.9,"56 km S of Whites City, New Mexico",-104.363,31.67,4.9078,earthquake,,0,130
2024-11-02 01:39:39.364,2.8,"56 km S of Whites City, New Mexico",-104.364,31.669,5.6897,earthquake,,0,121
2024-11-02 01:36:48.147,4.2,"55 km S of Whites City, New Mexico",-104.355,31.674,5.8307,earthquake,green,0,393
2024-11-01 23:40:08.480,3.71,"29 km SSE of Boca de Yuma, Dominican Republic",-68.5033,18.1338,82.0,earthquake,,0,212
2024-11-01 23:00:03.845,4.5,"26 km SSE of Bantacan, Philippines",126.2387,7.39,10.0,earthquake,,0,312
2024-11-01 22:26:38.766,4.4,"122 km WNW of Houma, Tonga",-176.4429,-20.9093,262.89,earthquake,,0,298
2024-11-01 22:03:49.233,4.1,"83 km E of Lhasa, China",91.9489,29.7784,10.0,earthquake,,0,259
2024-11-01 21:35:46.127,4.6,western Xizang,86.4422,33.8434,10.0,earthquake,,0,326
2024-11-01 21:13:20.247,4.6,"8 km SE of Āwash, Ethiopia",40.2229,8.9284,10.0,earthquake,,0,326
2024-11-01 21:04:31.158,4.4,"Bonin Islands, Japan region",142.7994,28.4735,10.0,earthquake,,0,298
2024-11-01 20:23:28.421,2.7,"103 km W of Akhiok, Alaska",-155.859,56.8413,34.7,earthquake,,0,112
2024-11-01 20:01:14.785,4.8,"71 km ESE of Farkhār, Afghanistan",70.5216,36.221,118.427,earthquake,,0,354
2024-11-01 18:55:29.365,4.6,"9 km WSW of Āwash, Ethiopia",40.0827,8.9656,10.0,earthquake,,0,328
2024-11-01 17:19:13.455,5.4,"168 km N of Sanana, Indonesia",125.8548,-0.5368,37.046,earthquake,green,0,449
2024-11-01 16:41:55.157,2.5,"59 km S of Whites City, New Mexico",-104.453,31.646,7.3303,earthquake,,0,96
2024-11-01 15:57:46.880,3.6,"47 km SSE of Punta Cana, Dominican Republic",-68.1981,18.1988,101.0,earthquake,,0,199
2024-11-01 15:15:50.418,2.6,"58 km W of Happy Valley, Alaska",-152.7585,60.0399,95.0,earthquake,,0,104
2024-11-01 15:09:05.146,3.0,"219 km SE of Chiniak, Alaska",-149.6709,56.2561,10.0,earthquake,,0,138
2024-11-01 14:46:04.091,4.1,"69 km SSW of Kalkan, Turkey",29.1376,35.6757,55.475,earthquake,,0,259
2024-11-01 14:16:51.139,4.6,"12 km N of Hasaki, Japan",140.81,35.8463,43.395,earthquake,,0,326
2024-11-01 13:16:13.808,3.5,"167 km SSW of Adak, Alaska",-177.2727,50.427,10.0,earthquake,,0,188
2024-11-01 12:41:39.958,4.4,"82 km WSW of Murghob, Tajikistan",73.0655,37.965,75.462,earthquake,,0,298
2024-11-01 12:12:11.036,4.7,"Volcano Islands, Japan region",142.5134,25.4208,10.0,earthquake,,0,340
2024-11-01 11:44:39.594,4.4,"112 km S of Kokopo, Papua New Guinea",152.1098,-5.3436,63.804,earthquake,,0,298
2024-11-01 10:47:39.830,2.8,"0 km SW of Mohawk Vista, CA",-120.581833333333,39.7795,3.27,earthquake,,0,127
2024-11-01 10:21:10.706,4.3,"44 km NE of Otrada, Russia",146.234,44.3729,192.758,earthquake,,0,284
2024-11-01 09:06:27.690,2.58,"6 km S of Volcano, Hawaii",-155.2345,19.3803333333333,2.12,earthquake,,0,102
2024-11-01 08:48:09.601,4.9,"136 km W of Abepura, Indonesia",139.4136,-2.7306,34.058,earthquake,,0,369
2024-11-01 08:33:54.707,4.6,"185 km S of Cilacap, Indonesia",108.8482,-9.3918,18.804,earthquake,,0,326
2024-11-01 08:24:01.601,4.7,"Volcano Islands, Japan region",142.669,25.2909,10.0,earthquake,,0,340
2024-11-01 07:55:54.150,3.17,"5 km SSE of Mora, Puerto Rico",-67.0036666666667,18.4165,93.58,earthquake,,0,155
2024-11-01 06:53:07.319,4.9,"233 km SSW of ‘Ohonua, Tonga",-175.58,-23.367,49.599,earthquake,,0,369
2024-11-01 05:38:14.931,5.4,Reykjanes Ridge,-34.0639,56.3261,10.0,earthquake,green,0,449
2024-11-01 05:29:02.397,4.9,"37 km ENE of Ollagüe, Chile",-67.9054,-21.1522,165.642,earthquake,,0,369
2024-11-01 05:24:10.715,4.6,"67 km NNW of Isangel, Vanuatu",169.1294,-18.946,229.141,earthquake,,0,326
2024-11-01 04:18:52.796,4.7,"107 km S of Yudomari, Japan",130.3249,29.2769,41.042,earthquake,,0,340
2024-11-01 03:00:55.707,4.5,"27 km ESE of Langsa, Indonesia",98.1944,4.3721,10.0,earthquake,,0,312
2024-11-01 02:49:22.482,4.3,"41 km SSW of Papanoa, Mexico",-101.1874,16.9753,10.0,earthquake,,0,284
2024-11-01 02:39:30.832,4.2,"24 km NW of Murghob, Tajikistan",73.791,38.3374,131.214,earthquake,,0,271
2024-11-01 01:41:17.617,4.1,"48 km WNW of Ollagüe, Chile",-68.6702,-21.0367,138.782,earthquake,,0,259
2024-11-01 01:26:34.639,3.9,"39 km ENE of La Tirana, Chile",-69.2892,-20.2617,83.279,earthquake,,0,235
2024-11-01 01:25:08.782,4.6,"8 km SSE of Papanoa, Mexico",-101.0161,17.2562,25.521,earthquake,,0,326
2024-11-01 01:05:29.721,4.3,"35 km SE of Calingasta, Argentina",-69.1861,-31.5855,153.843,earthquake,,0,284
2024-10-31 23:23:48.488,4.0,"2 km SSW of Néa Moudhaniá, Greece",23.2696,40.2203,10.0,earthquake,,0,248
2024-10-31 23:07:32.113,2.6,"5 km ENE of Dilley, Texas",-99.121,28.684,8.3252,earthquake,,0,104
2024-10-31 23:06:48.395,2.5,"33 km S of Stonewall Gap, Colorado",-105.0006,36.8484,7.046,earthquake,,0,96
2024-10-31 22:59:04.550,2.77,"4 km SSE of Highland Park, CA",-118.1783333,34.0906667,10.71,earthquake,,0,191
2024-10-31 22:32:58.124,4.5,Fiji region,-178.7634,-21.1128,586.556,earthquake,,0,312
2024-10-31 22:24:42.835,5.1,Mauritius - Reunion region,66.2801,-19.9447,10.0,earthquake,,0,400
2024-10-31 22:18:04.900,2.88,"123 km WNW of Petrolia, CA",-125.721333333333,40.476,10.0,earthquake,,0,128
2024-10-31 20:51:59.452,5.2,"177 km SSE of Kuril’sk, Russia",149.117,43.8955,10.0,earthquake,,0,416
2024-10-31 20:48:41.242,2.7,"57 km S of Whites City, New Mexico",-104.446,31.662,5.3436,earthquake,,0,112
2024-10-31 20:20:40.540,4.7,"138 km ENE of Samarai, Papua New Guinea",151.7835,-10.04,10.0,earthquake,,0,340
2024-10-31 19:42:20.647,4.3,"104 km SE of Taliwang, Indonesia",117.4608,-9.4679,59.981,earthquake,,0,284
2024-10-31 18:14:13.974,3.5,"20 km SE of Baláo, Ecuador",-79.6937,-3.0489,10.0,earthquake,,0,188
2024-10-31 17:46:28.610,5.3,"68 km S of Panguna, Papua New Guinea",155.4395,-6.937,50.582,earthquake,,0,432
2024-10-31 17:18:47.211,3.7,"33 km W of Akhiok, Alaska",-154.7197,56.9645,42.0,earthquake,,0,211
2024-10-31 17:14:26.290,3.08,"3 km NNW of The Geysers, CA",-122.7775,38.8028333333333,3.98,earthquake,,0,155
2024-10-31 17:12:19.780,2.85,"93 km WNW of Petrolia, CA",-125.377833333333,40.4193333333333,10.0,earthquake,,0,125
2024-10-31 16:20:07.320,2.56,"4 km SSE of Maria Antonia, Puerto Rico",-66.873,17.9406666666667,6.98,earthquake,,0,101
2024-10-31 16:18:16.120,5.2,"44 km S of Hualien City, Taiwan",121.5974,23.5714,10.0,earthquake,,0,418
2024-10-31 15:22:19.216,4.4,"36 km ENE of Grand-Bourg, Guadeloupe",-60.9903,15.9829,78.648,earthquake,,0,298
2024-10-31 13:12:53.977,4.5,"41 km SSW of Nemuro, Japan",145.4577,42.9556,93.417,earthquake,,0,312
2024-10-31 11:59:06.089,3.9,"98 km SW of Atka, Alaska",-175.2349,51.5824,36.669,earthquake,,0,234
2024-10-31 10:56:34.492,2.5,"17 km NNE of Hermleigh, Texas",-100.668,32.769,5.8838,earthquake,,0,97
2024-10-31 08:52:51.771,4.7,western Indian-Antarctic Ridge,126.9749,-49.9162,10.903,earthquake,,0,340
2024-10-31 08:22:36.648,2.6,"38 km WSW of Nueva Loja, Ecuador",-77.1942,-0.0975,10.0,earthquake,,0,104
2024-10-31 07:54:08.351,3.3,"267 km WSW of Adak, Alaska",179.6092,51.3226,64.396,earthquake,,0,168
2024-10-31 06:02:23.926,5.1,Fiji region,-177.9106,-18.8898,503.106,earthquake,,0,400
2024-10-31 05:44:44.881,5.2,western Indian-Antarctic Ridge,121.3782,-48.8984,10.0,earthquake,,0,416
2024-10-31 05:21:48.005,4.5,"39 km SSE of Cayarani, Peru",-71.867,-14.9999,126.559,earthquake,,0,312
2024-10-31 05:19:44.330,2.97,"10 km NNE of Susanville, CA",-120.645166666667,40.5096666666667,5.54,earthquake,,0,140
2024-10-31 05:15:53.433,4.8,"107 km SE of Vilyuchinsk, Russia",159.6162,52.3009,55.148,earthquake,,0,354
2024-10-31 04:35:09.862,4.3,"44 km WSW of Nuwaybi‘a, Egypt",34.2265,28.9395,10.0,earthquake,,0,292
2024-10-31 04:33:33.972,3.5,"43 km NNE of Petersville, Alaska",-150.5566,62.8728,86.9,earthquake,,0,528
2024-10-31 02:56:40.767,4.5,south of the Fiji Islands,-179.8161,-22.962,567.499,earthquake,,0,312
2024-10-31 02:30:33.479,4.2,"101 km NW of San Antonio de los Cobres, Argentina",-66.8988,-23.4705,241.175,earthquake,,0,271
2024-10-31 01:32:40.503,4.4,"113 km ENE of Lhasa, China",92.247,29.8573,10.0,earthquake,,0,298
2024-10-31 01:11:38.609,3.6,"69 km WSW of Elfin Cove, Alaska",-137.4997,58.0599,13.4,earthquake,,0,199
2024-10-30 23:51:31.217,4.3,"64 km NE of Khuzdar, Pakistan",67.0879,28.2099,10.0,earthquake,,0,284
2024-10-30 23:47:24.357,4.6,"235 km SE of Pondaguitan, Philippines",127.4965,4.6878,120.687,earthquake,,0,326
2024-10-30 22:21:18.370,2.55,"12 km E of Coso Junction, CA",-117.8215,36.0326667,1.95,earthquake,,0,100
2024-10-30 22:07:13.635,4.2,"31 km W of Yonakuni, Japan",122.6894,24.4554,92.406,earthquake,,0,271
2024-10-30 21:39:07.062,4.7,"49 km NNE of Namuac, Philippines",121.2583,19.0488,10.0,earthquake,,0,340
2024-10-30 21:14:21.790,2.52,"11 km NE of Stanley, Idaho",-114.859166666667,44.2985,5.26,earthquake,,0,98
2024-10-30 20:24:19.685,3.5,"73 km WNW of Nikolski, Alaska",-169.8864,53.1617,180.5,earthquake,,0,188
2024-10-30 20:24:16.908,3.7,"163 km SSE of Nikolski, Alaska",-167.9729,51.5783,10.0,earthquake,,0,211
2024-10-30 20:15:19.812,6.0,"272 km W of Bandon, Oregon",-127.7057,43.5881,10.0,earthquake,green,1,601
2024-10-30 18:49:49.901,4.5,"93 km SSE of Lata, Solomon Islands",166.1228,-11.5108,82.631,earthquake,,0,312
2024-10-30 18:07:25.533,4.4,"62 km SSE of Shikotan, Russia",147.0998,43.304,62.058,earthquake,,0,298
2024-10-30 15:12:59.752,4.1,Fiji region,-178.4903,-20.6724,582.824,earthquake,,0,259
2024-10-30 13:55:47.170,3.0,"42 km ENE of Chone, Ecuador",-79.7599,-0.5175,54.492,earthquake,,0,138
2024-10-30 13:49:28.457,3.8,"85 km S of False Pass, Alaska",-163.1703,54.0976,35.0,earthquake,,0,222
2024-10-30 13:27:53.939,3.1,"212 km SE of Chiniak, Alaska",-149.9462,56.1986,10.0,earthquake,,0,148
2024-10-30 13:12:13.032,4.3,"17 km WSW of Bahía de Caráquez, Ecuador",-80.5723,-0.6603,37.89,earthquake,,0,284
2024-10-30 13:03:54.109,4.6,"64 km SE of Bobon, Philippines",126.7558,6.4711,112.978,earthquake,,0,326
2024-10-30 12:18:52.635,6.0,"121 km N of Kimbe, Papua New Guinea",150.0872,-4.4502,521.212,earthquake,green,0,571
2024-10-30 11:43:21.501,4.9,"82 km W of San Antonio de los Cobres, Argentina",-67.128,-24.2892,196.121,earthquake,,0,369
2024-10-30 10:36:28.096,3.9,"113 km WSW of Adak, Alaska",-178.1402,51.4587,10.0,earthquake,,0,234
2024-10-30 10:18:16.204,4.3,"24 km SSE of Aiquile, Bolivia",-65.0688,-18.3928,10.0,earthquake,,0,284
2024-10-30 08:59:09.119,4.9,south of the Fiji Islands,-178.7697,-25.2279,387.282,earthquake,,0,369
2024-10-30 08:02:46.550,2.7,"49 km ENE of Port Alsworth, Alaska",-153.4471,60.3188,144.4,earthquake,,0,112
2024-10-30 06:14:26.486,4.7,"2 km W of Sakai, Japan",139.7772,36.0975,74.849,earthquake,,0,407
2024-10-30 06:10:55.908,2.5,"56 km SSW of Skwentna, Alaska",-151.8061,61.5196,106.9,earthquake,,0,96
2024-10-30 06:10:43.040,2.94,"24 km WNW of Rincón, Puerto Rico",-67.4443333333333,18.4598333333333,9.88,earthquake,,0,133
2024-10-30 05:26:01.340,4.25,"102 km WSW of Pole Ojea, Puerto Rico",-68.035,17.5336,57.0,earthquake,,0,279
2024-10-30 04:29:56.739,3.0,"67 km ENE of Pedro Bay, Alaska",-153.0697,60.0983,122.0,earthquake,,0,138
2024-10-30 03:00:50.161,3.9,"137 km E of Atka, Alaska",-172.1856,52.2729,17.355,earthquake,,0,234
2024-10-30 02:45:13.020,3.17,"67 km N of Brenas, Puerto Rico",-66.3785,19.0725,39.86,earthquake,,0,155
2024-10-30 02:38:49.718,4.4,"38 km WSW of Madang, Papua New Guinea",145.4457,-5.2958,104.971,earthquake,,0,298
2024-10-30 02:38:18.393,4.5,"95 km SE of Luwuk, Indonesia",123.4017,-1.5546,10.0,earthquake,,0,312
2024-10-30 02:18:42.114,4.5,"19 km ENE of Murghob, Tajikistan",74.1587,38.263,131.447,earthquake,,0,312
2024-10-30 01:00:05.880,3.0,"5 km NE of Windsor, CA",-122.786,38.5883333333333,7.28,earthquake,,0,213
2024-10-29 23:44:31.261,4.7,Mid-Indian Ridge,71.5562,-26.305,10.0,earthquake,,0,340
2024-10-29 23:11:29.446,4.1,south of the Fiji Islands,-179.9964,-23.7796,530.94,earthquake,,0,259
2024-10-29 21:49:16.763,4.7,"44 km NE of Cubará, Colombia",-71.8717,7.3345,10.0,earthquake,,0,340
2024-10-29 21:15:28.996,4.0,"172 km SSW of Nikolski, Alaska",-170.2612,51.6448,33.151,earthquake,,0,246
2024-10-29 20:37:07.712,4.3,"37 km E of Noda, Japan",142.2621,40.1205,60.079,earthquake,,0,284
2024-10-29 20:23:09.142,4.1,"71 km E of Petropavlovsk-Kamchatsky, Russia",159.6904,53.1514,66.187,earthquake,,0,259
2024-10-29 19:55:26.851,4.1,"102 km WNW of Kirakira, Solomon Islands",161.022,-10.2022,69.154,earthquake,,0,259
2024-10-29 19:36:27.644,4.3,"40 km ENE of Kuji, Japan",142.1956,40.355,63.103,earthquake,,0,284
2024-10-29 18:46:45.789,5.0,southern Mid-Atlantic Ridge,-14.775,-12.2302,10.0,earthquake,,0,385
2024-10-29 18:44:26.524,4.6,"149 km NW of Sola, Vanuatu",166.4118,-13.1213,41.658,earthquake,,0,326
2024-10-29 18:13:31.284,4.6,"22 km NNE of Port-Olry, Vanuatu",167.1767,-14.87,97.173,earthquake,,0,326
2024-10-29 17:32:53.459,5.1,South Sandwich Islands region,-27.3153,-59.7778,173.066,earthquake,,0,400
2024-10-29 17:20:04.730,4.0,"108 km NE of Hihifo, Tonga",-173.2196,-15.1513,10.0,earthquake,,0,246
2024-10-29 17:03:55.830,2.69,"4 km W of Pāhala, Hawaii",-155.517666666667,19.1983333333333,6.85,earthquake,,0,111
2024-10-29 17:03:25.742,4.2,"166 km ESE of Saipan, Northern Mariana Islands",147.2402,14.8036,10.0,earthquake,,0,271
2024-10-29 17:00:54.170,4.2,Banda Sea,130.0223,-6.7863,190.898,earthquake,,0,271
2024-10-29 16:54:28.713,4.3,"224 km NE of Lospalos, Timor Leste",128.6263,-7.2977,145.16,earthquake,,0,284
2024-10-29 16:52:02.256,4.4,"74 km N of Masohi, Indonesia",128.8747,-2.632,10.0,earthquake,,0,298
2024-10-29 16:43:26.840,4.5,"219 km N of Rosetta, Egypt",30.0546,33.3574,10.0,earthquake,,0,313
2024-10-29 16:35:03.481,2.9,"37 km NE of Chase, Alaska",-149.6656,62.7231,57.9,earthquake,,0,129
2024-10-29 16:16:32.705,4.9,"233 km NW of Houma, Tonga",-176.9532,-19.7509,332.484,earthquake,,0,369
2024-10-29 16:09:10.120,2.54,"19 km S of Fort Irwin, CA",-116.6538333,35.097,8.02,earthquake,,0,99
2024-10-29 16:00:32.105,4.7,Macquarie Island region,159.0141,-54.7514,17.571,earthquake,,0,340
2024-10-29 15:50:05.192,4.4,"131 km NNE of Labuan Bajo, Indonesia",120.1628,-7.3374,570.664,earthquake,,0,298
2024-10-29 15:43:32.075,2.8,"73 km SW of Buckland, Alaska",-162.1194,65.4657,13.864,earthquake,,0,121
2024-10-29 14:03:50.295,4.2,"41 km ENE of Palca, Peru",-69.584,-17.6709,172.856,earthquake,,0,271
2024-10-29 13:26:38.710,3.49,"54 km N of Hatillo, Puerto Rico",-66.8375,18.976,24.0,earthquake,,0,188
2024-10-29 13:01:42.026,4.8,Kermadec Islands region,-176.8544,-28.7028,42.581,earthquake,,0,354
2024-10-29 12:13:57.708,4.9,"102 km ENE of Ozernovskiy, Russia",157.9069,51.7846,86.383,earthquake,,0,369
2024-10-29 10:28:33.950,3.75,"132 km N of Cruz Bay, U.S. Virgin Islands",-64.5613,19.5038,60.0,earthquake,,0,216
2024-10-29 08:32:45.448,5.2,"267 km E of Levuka, Fiji",-178.157,-18.1107,562.438,earthquake,,0,416
2024-10-29 08:02:22.970,3.85,"78 km NE of Samaná, Dominican Republic",-68.853,19.7423,9.0,earthquake,,0,228
2024-10-29 07:45:30.133,4.9,"288 km NE of Fais, Micronesia",142.2991,11.6964,16.587,earthquake,,0,369
2024-10-29 07:22:09.223,3.0,Gulf of Alaska,-142.9731,57.0931,15.18,earthquake,,0,138
2024-10-29 07:03:49.980,3.61,"98 km NNE of Cruz Bay, U.S. Virgin Islands",-64.5756,19.1931,32.0,earthquake,,0,200
2024-10-29 06:13:05.296,5.0,"98 km NNE of Isangel, Vanuatu",169.51,-18.6749,283.585,earthquake,,0,385
2024-10-29 05:52:51.055,4.2,Mariana Islands region,142.9188,21.5706,307.603,earthquake,,0,271
2024-10-29 05:35:40.410,4.0,"48 km SE of La Tirana, Chile",-69.2949,-20.6163,86.517,earthquake,,0,246
2024-10-29 04:27:10.537,4.8,"90 km ENE of Masohi, Indonesia",129.7049,-2.949,10.0,earthquake,,0,354
2024-10-29 03:56:01.912,4.4,"243 km E of Levuka, Fiji",-178.3796,-18.0712,590.671,earthquake,,0,298
2024-10-29 03:52:27.843,4.3,Bay of Bengal,88.4284,11.1172,10.0,earthquake,,0,284
2024-10-29 02:35:27.551,4.5,"55 km S of Reuleuet, Indonesia",96.2228,4.7185,42.642,earthquake,,0,312
2024-10-29 02:05:09.472,4.1,"29 km WNW of Ternate, Indonesia",127.1311,0.8731,81.93,earthquake,,0,259
2024-10-29 01:48:56.766,2.5,"71 km W of Akhiok, Alaska",-155.338,56.8429,11.3,earthquake,,0,96
2024-10-29 00:37:30.990,3.44,"2 km WNW of Tallaboa, Puerto Rico",-66.7378,17.9991,14.0,earthquake,,0,184
2024-10-29 00:31:04.790,2.53,"20 km SSW of Antimony, Utah",-112.122333333333,37.9546666666667,10.88,earthquake,,0,100
