{
    "date": "2024-10-28",
    "total_earthquakes": 856,
    "magnitude_range": {
        "min": 2.5,
        "max": 6.8,
        "mean": 3.9079205607943925
    },
    "location_bounds": {
        "lat": {
            "min": -61.5218,
            "max": 69.4516
        },
        "lon": {
            "min": -179.9964,
            "max": 179.9746
        }
    },
    "depth_stats": {
        "min": -0.21,
        "max": 602.645,
        "mean": 70.48180526039066
    },
    "saved_at": "2024-11-19 13:37:01"
}