{
    "date": "2024-10-29",
    "total_earthquakes": 801,
    "magnitude_range": {
        "min": 2.5,
        "max": 6.8,
        "mean": 3.9222846442446944
    },
    "location_bounds": {
        "lat": {
            "min": -61.5218,
            "max": 69.4516
        },
        "lon": {
            "min": -179.9964,
            "max": 179.9746
        }
    },
    "depth_stats": {
        "min": -0.21,
        "max": 602.645,
        "mean": 71.13819500985568
    },
    "saved_at": "2024-11-19 13:37:02"
}