{
    "date": "2024-10-21",
    "total_earthquakes": 1156,
    "magnitude_range": {
        "min": 2.5,
        "max": 6.8,
        "mean": 3.9249913495155715
    },
    "location_bounds": {
        "lat": {
            "min": -61.5218,
            "max": 78.3863
        },
        "lon": {
            "min": -179.9964,
            "max": 179.9746
        }
    },
    "depth_stats": {
        "min": -2.0,
        "max": 621.325,
        "mean": 71.94827993329966
    },
    "saved_at": "2024-11-19 13:36:11"
}