{
    "date": "2024-10-22",
    "total_earthquakes": 1107,
    "magnitude_range": {
        "min": 2.5,
        "max": 6.8,
        "mean": 3.913233965709124
    },
    "location_bounds": {
        "lat": {
            "min": -61.5218,
            "max": 69.4516
        },
        "lon": {
            "min": -179.9964,
            "max": 179.9746
        }
    },
    "depth_stats": {
        "min": -2.0,
        "max": 621.325,
        "mean": 71.61874038201843
    },
    "saved_at": "2024-11-19 13:36:11"
}