{
    "date": "2024-10-27",
    "total_earthquakes": 901,
    "magnitude_range": {
        "min": 2.5,
        "max": 6.8,
        "mean": 3.9130521643063267
    },
    "location_bounds": {
        "lat": {
            "min": -61.5218,
            "max": 69.4516
        },
        "lon": {
            "min": -179.9964,
            "max": 179.9746
        }
    },
    "depth_stats": {
        "min": -0.21,
        "max": 621.325,
        "mean": 70.86260189000488
    },
    "saved_at": "2024-11-19 13:36:59"
}