{
    "date": "2024-10-24",
    "total_earthquakes": 1030,
    "magnitude_range": {
        "min": 2.5,
        "max": 6.8,
        "mean": 3.9156796116893204
    },
    "location_bounds": {
        "lat": {
            "min": -61.5218,
            "max": 69.4516
        },
        "lon": {
            "min": -179.9964,
            "max": 179.9746
        }
    },
    "depth_stats": {
        "min": -2.0,
        "max": 621.325,
        "mean": 71.38861039115962
    },
    "saved_at": "2024-11-19 13:36:13"
}