{
    "date": "2024-10-26",
    "total_earthquakes": 937,
    "magnitude_range": {
        "min": 2.5,
        "max": 6.8,
        "mean": 3.904983991504803
    },
    "location_bounds": {
        "lat": {
            "min": -61.5218,
            "max": 69.4516
        },
        "lon": {
            "min": -179.9964,
            "max": 179.9746
        }
    },
    "depth_stats": {
        "min": -0.21,
        "max": 621.325,
        "mean": 70.66652583019679
    },
    "saved_at": "2024-11-19 13:36:14"
}