{
    "date": "2024-10-25",
    "total_earthquakes": 979,
    "magnitude_range": {
        "min": 2.5,
        "max": 6.8,
        "mean": 3.9101838611235955
    },
    "location_bounds": {
        "lat": {
            "min": -61.5218,
            "max": 69.4516
        },
        "lon": {
            "min": -179.9964,
            "max": 179.9746
        }
    },
    "depth_stats": {
        "min": -2.0,
        "max": 621.325,
        "mean": 71.49683830734871
    },
    "saved_at": "2024-11-19 13:36:13"
}