{
    "timestamp": "20241119_133646",
    "epoch": 20,
    "loss": 0.08463884145021439,
    "sequence_length": 7,
    "feature_columns": [
        "magnitude",
        "latitude",
        "longitude",
        "depth",
        "sig"
    ],
    "target_columns": [
        "magnitude",
        "latitude",
        "longitude"
    ],
    "model_dates": {
        "last_training_date": null,
        "last_optimization_date": null,
        "latest_data_date": "2024-10-26",
        "prediction_target_date": null
    },
    "metrics": null
}