{
    "last_update": "2024-11-19 13:37:08",
    "pipeline_info": {
        "creation_date": "2024-11-19 13:36:08",
        "sequence_length": 7,
        "feature_columns": [
            "magnitude",
            "latitude",
            "longitude",
            "depth",
            "sig"
        ],
        "target_columns": [
            "magnitude",
            "latitude",
            "longitude"
        ]
    },
    "data_range": {
        "start": null,
        "end": "2024-10-31",
        "total_days_processed": 14
    },
    "training_info": {
        "last_training": "2024-10-26",
        "last_optimization": "2024-11-01",
        "model_versions": [
            {
                "timestamp": "20241119_133616",
                "path": "/content/drive/My Drive/earthquake_data/models/2024-10/model_checkpoint_20241119_133616.pth",
                "config_path": "/content/drive/My Drive/earthquake_data/models/2024-10/model_config_20241119_133616.json",
                "metrics": null
            },
            {
                "timestamp": "20241119_133618",
                "path": "/content/drive/My Drive/earthquake_data/models/2024-10/model_checkpoint_20241119_133618.pth",
                "config_path": "/content/drive/My Drive/earthquake_data/models/2024-10/model_config_20241119_133618.json",
                "metrics": null
            },
            {
                "timestamp": "20241119_133619",
                "path": "/content/drive/My Drive/earthquake_data/models/2024-10/model_checkpoint_20241119_133619.pth",
                "config_path": "/content/drive/My Drive/earthquake_data/models/2024-10/model_config_20241119_133619.json",
                "metrics": null
            },
            {
                "timestamp": "20241119_133621",
                "path": "/content/drive/My Drive/earthquake_data/models/2024-10/model_checkpoint_20241119_133621.pth",
                "config_path": "/content/drive/My Drive/earthquake_data/models/2024-10/model_config_20241119_133621.json",
                "metrics": null
            },
            {
                "timestamp": "20241119_133622",
                "path": "/content/drive/My Drive/earthquake_data/models/2024-10/model_checkpoint_20241119_133622.pth",
                "config_path": "/content/drive/My Drive/earthquake_data/models/2024-10/model_config_20241119_133622.json",
                "metrics": null
            },
            {
                "timestamp": "20241119_133624",
                "path": "/content/drive/My Drive/earthquake_data/models/2024-10/model_checkpoint_20241119_133624.pth",
                "config_path": "/content/drive/My Drive/earthquake_data/models/2024-10/model_config_20241119_133624.json",
                "metrics": null
            },
            {
                "timestamp": "20241119_133626",
                "path": "/content/drive/My Drive/earthquake_data/models/2024-10/model_checkpoint_20241119_133626.pth",
                "config_path": "/content/drive/My Drive/earthquake_data/models/2024-10/model_config_20241119_133626.json",
                "metrics": null
            },
            {
                "timestamp": "20241119_133627",
                "path": "/content/drive/My Drive/earthquake_data/models/2024-10/model_checkpoint_20241119_133627.pth",
                "config_path": "/content/drive/My Drive/earthquake_data/models/2024-10/model_config_20241119_133627.json",
                "metrics": null
            },
            {
                "timestamp": "20241119_133629",
                "path": "/content/drive/My Drive/earthquake_data/models/2024-10/model_checkpoint_20241119_133629.pth",
                "config_path": "/content/drive/My Drive/earthquake_data/models/2024-10/model_config_20241119_133629.json",
                "metrics": null
            },
            {
                "timestamp": "20241119_133630",
                "path": "/content/drive/My Drive/earthquake_data/models/2024-10/model_checkpoint_20241119_133630.pth",
                "config_path": "/content/drive/My Drive/earthquake_data/models/2024-10/model_config_20241119_133630.json",
                "metrics": null
            },
            {
                "timestamp": "20241119_133631",
                "path": "/content/drive/My Drive/earthquake_data/models/2024-10/model_checkpoint_20241119_133631.pth",
                "config_path": "/content/drive/My Drive/earthquake_data/models/2024-10/model_config_20241119_133631.json",
                "metrics": null
            },
            {
                "timestamp": "20241119_133633",
                "path": "/content/drive/My Drive/earthquake_data/models/2024-10/model_checkpoint_20241119_133633.pth",
                "config_path": "/content/drive/My Drive/earthquake_data/models/2024-10/model_config_20241119_133633.json",
                "metrics": null
            },
            {
                "timestamp": "20241119_133634",
                "path": "/content/drive/My Drive/earthquake_data/models/2024-10/model_checkpoint_20241119_133634.pth",
                "config_path": "/content/drive/My Drive/earthquake_data/models/2024-10/model_config_20241119_133634.json",
                "metrics": null
            },
            {
                "timestamp": "20241119_133635",
                "path": "/content/drive/My Drive/earthquake_data/models/2024-10/model_checkpoint_20241119_133635.pth",
                "config_path": "/content/drive/My Drive/earthquake_data/models/2024-10/model_config_20241119_133635.json",
                "metrics": null
            },
            {
                "timestamp": "20241119_133637",
                "path": "/content/drive/My Drive/earthquake_data/models/2024-10/model_checkpoint_20241119_133637.pth",
                "config_path": "/content/drive/My Drive/earthquake_data/models/2024-10/model_config_20241119_133637.json",
                "metrics": null
            },
            {
                "timestamp": "20241119_133639",
                "path": "/content/drive/My Drive/earthquake_data/models/2024-10/model_checkpoint_20241119_133639.pth",
                "config_path": "/content/drive/My Drive/earthquake_data/models/2024-10/model_config_20241119_133639.json",
                "metrics": null
            },
            {
                "timestamp": "20241119_133641",
                "path": "/content/drive/My Drive/earthquake_data/models/2024-10/model_checkpoint_20241119_133641.pth",
                "config_path": "/content/drive/My Drive/earthquake_data/models/2024-10/model_config_20241119_133641.json",
                "metrics": null
            },
            {
                "timestamp": "20241119_133642",
                "path": "/content/drive/My Drive/earthquake_data/models/2024-10/model_checkpoint_20241119_133642.pth",
                "config_path": "/content/drive/My Drive/earthquake_data/models/2024-10/model_config_20241119_133642.json",
                "metrics": null
            },
            {
                "timestamp": "20241119_133644",
                "path": "/content/drive/My Drive/earthquake_data/models/2024-10/model_checkpoint_20241119_133644.pth",
                "config_path": "/content/drive/My Drive/earthquake_data/models/2024-10/model_config_20241119_133644.json",
                "metrics": null
            },
            {
                "timestamp": "20241119_133645",
                "path": "/content/drive/My Drive/earthquake_data/models/2024-10/model_checkpoint_20241119_133645.pth",
                "config_path": "/content/drive/My Drive/earthquake_data/models/2024-10/model_config_20241119_133645.json",
                "metrics": null
            },
            {
                "timestamp": "20241119_133646",
                "path": "/content/drive/My Drive/earthquake_data/models/2024-10/model_checkpoint_20241119_133646.pth",
                "config_path": "/content/drive/My Drive/earthquake_data/models/2024-10/model_config_20241119_133646.json",
                "metrics": null
            },
            {
                "timestamp": "20241119_133648",
                "path": "/content/drive/My Drive/earthquake_data/models/2024-10/model_checkpoint_20241119_133648.pth",
                "config_path": "/content/drive/My Drive/earthquake_data/models/2024-10/model_config_20241119_133648.json",
                "metrics": null
            },
            {
                "timestamp": "20241119_133649",
                "path": "/content/drive/My Drive/earthquake_data/models/2024-10/model_checkpoint_20241119_133649.pth",
                "config_path": "/content/drive/My Drive/earthquake_data/models/2024-10/model_config_20241119_133649.json",
                "metrics": null
            },
            {
                "timestamp": "20241119_133650",
                "path": "/content/drive/My Drive/earthquake_data/models/2024-10/model_checkpoint_20241119_133650.pth",
                "config_path": "/content/drive/My Drive/earthquake_data/models/2024-10/model_config_20241119_133650.json",
                "metrics": null
            }
        ]
    },
    "prediction_stats": [],
    "file_paths": {
        "data_directory": "/content/drive/My Drive/earthquake_data/data",
        "model_directory": "/content/drive/My Drive/earthquake_data/models",
        "predictions_directory": "/content/drive/My Drive/earthquake_data/predictions",
        "plots_directory": "/content/drive/My Drive/earthquake_data/plots"
    }
}