{
    "last_update": "2024-11-19 13:36:13",
    "pipeline_info": {
        "creation_date": "2024-11-19 13:36:08",
        "sequence_length": 7,
        "feature_columns": [
            "magnitude",
            "latitude",
            "longitude",
            "depth",
            "sig"
        ],
        "target_columns": [
            "magnitude",
            "latitude",
            "longitude"
        ]
    },
    "data_range": {
        "start": null,
        "end": "2024-10-24",
        "total_days_processed": 7
    },
    "training_info": {
        "last_training": null,
        "last_optimization": null,
        "model_versions": []
    },
    "prediction_stats": [],
    "file_paths": {
        "data_directory": "/content/drive/My Drive/earthquake_data/data",
        "model_directory": "/content/drive/My Drive/earthquake_data/models",
        "predictions_directory": "/content/drive/My Drive/earthquake_data/predictions",
        "plots_directory": "/content/drive/My Drive/earthquake_data/plots"
    }
}