time,magnitude,place,longitude,latitude,depth,type,alert,tsunami,sig
2024-11-19 12:56:02.383,2.5,"55 km S of Whites City, New Mexico",-104.417,31.674,6.3947,earthquake,,0,96
2024-11-19 12:23:22.989,4.6,"Volcano Islands, Japan region",142.5186,25.6437,10.0,earthquake,,0,326
2024-11-19 10:27:44.704,3.1,"16 km NNE of Houston, Alaska",-149.7231,61.773,35.2,earthquake,,0,148
2024-11-19 10:27:30.793,2.7,"70 km NW of Lake Louise, Alaska",-147.5708,62.7081,144.5,earthquake,,0,112
2024-11-19 10:14:52.264,4.3,"119 km SSW of Manuel Ávila Camacho (Ponte Duro), Mexico",-94.1674,14.8871,10.0,earthquake,,0,284
2024-11-19 09:32:42.400,3.18,"11 km NW of Rincón, Puerto Rico",-67.3218333333333,18.4183333333333,15.35,earthquake,,0,156
2024-11-19 09:13:01.510,3.18,"13 km W of Pole Ojea, Puerto Rico",-67.3113333333333,17.9931666666667,33.5,earthquake,,0,156
2024-11-19 08:34:01.837,5.0,"31 km S of Pondaguitan, Philippines",126.14,6.0785,98.377,earthquake,,0,385
2024-11-19 06:39:53.850,2.84,"4 km SE of San Germán, Puerto Rico",-67.01,18.053,18.4,earthquake,,0,124
2024-11-19 06:27:02.981,2.6,"31 km WSW of Ackerly, Texas",-102.0149,32.4004,5.0,earthquake,,0,104
2024-11-19 06:25:35.898,2.7,"13 km E of Pleasanton, Texas",-98.3405,28.9885,8.568,earthquake,,0,112
2024-11-19 04:00:44.657,2.5,"6 km N of Sipsey, Alabama",-87.0747,33.8818,5.0,earthquake,,0,111
2024-11-19 03:21:20.710,2.92,"14 km W of Pole Ojea, Puerto Rico",-67.3176666666667,17.993,33.76,earthquake,,0,131
2024-11-19 02:46:38.142,2.8,"36 km WSW of Mentone, Texas",-103.969,31.61,7.7277,earthquake,,0,121
2024-11-19 02:41:53.877,5.6,"50 km W of Houma, Tonga",-175.7866,-21.1189,10.0,earthquake,green,0,482
2024-11-18 22:31:05.130,3.73,"154 km NNE of Vieques, Puerto Rico",-65.29,19.7215,35.0,earthquake,,0,214
2024-11-18 21:42:16.829,4.5,"Pagan region, Northern Mariana Islands",145.7664,18.4667,210.889,earthquake,,0,312
2024-11-18 21:02:39.967,4.3,"87 km W of Ambunti, Papua New Guinea",142.0358,-4.1416,121.602,earthquake,,0,284
2024-11-18 20:50:31.177,4.7,"87 km W of Cabittaogan, Philippines",119.5395,17.6053,10.0,earthquake,,0,340
2024-11-18 19:28:31.040,2.6,"20 km NNW of Stanton, Texas",-101.836,32.31,6.1768,earthquake,,0,105
2024-11-18 19:28:01.937,3.9,"17 km E of Pleasanton, Texas",-98.302,28.948,3.6865,earthquake,,0,241
2024-11-18 19:27:20.690,3.41,"148 km NNE of Vieques, Puerto Rico",-65.2751666666667,19.6576666666667,34.96,earthquake,,0,179
2024-11-18 17:59:40.775,4.7,"143 km S of Lata, Solomon Islands",165.9981,-12.01,10.0,earthquake,,0,340
2024-11-18 14:22:23.800,2.83,"93 km SSW of Alberto Oviedo Mota, B.C., MX",-115.6173333,31.4843333,8.53,earthquake,,0,123
2024-11-18 13:27:22.569,4.6,"15 km NE of Hualien City, Taiwan",121.7066,24.0821,10.0,earthquake,,0,326
2024-11-18 13:04:47.114,4.6,"17 km WSW of Quilca, Peru",-72.5933,-16.7604,55.306,earthquake,,0,326
2024-11-18 12:45:41.414,2.8,"55 km S of Whites City, New Mexico",-104.401,31.679,6.228,earthquake,,0,121
2024-11-18 10:22:06.876,2.7,"64 km ESE of Pedro Bay, Alaska",-153.0301,59.5945,115.2,earthquake,,0,112
2024-11-18 07:36:17.560,2.59,"3 km SSE of Maria Antonia, Puerto Rico",-66.8743333333333,17.9545,18.16,earthquake,,0,103
2024-11-18 07:25:11.488,4.6,"Volcano Islands, Japan region",142.6387,25.1481,10.0,earthquake,,0,326
2024-11-18 07:06:27.135,4.5,"99 km E of Lhasa, China",92.1085,29.8289,10.0,earthquake,,0,312
2024-11-18 07:01:59.172,4.7,"114 km ENE of Lhasa, China",92.2411,29.9378,10.0,earthquake,,0,340
2024-11-18 06:06:54.953,4.7,"154 km SSE of Kuqa, China",83.3324,40.3573,10.0,earthquake,,0,340
2024-11-18 05:58:34.796,2.5,"6 km S of Chase, Alaska",-150.0868,62.3909,22.4,earthquake,,0,96
2024-11-18 05:24:16.655,4.9,west of Macquarie Island,147.2637,-56.5196,10.0,earthquake,,0,369
2024-11-18 05:06:32.753,4.4,"78 km NNE of San Pedro de Atacama, Chile",-67.8699,-22.2715,173.974,earthquake,,0,298
2024-11-18 04:57:45.042,3.8,"111 km SW of Nikolski, Alaska",-170.0985,52.284,25.3,earthquake,,0,222
2024-11-18 04:57:11.147,5.0,Southwest Indian Ridge,55.1765,-34.4968,10.0,earthquake,,0,385
2024-11-18 04:17:40.860,3.21,"25 km SW of Stella, Puerto Rico",-67.4081666666667,18.1566666666667,5.89,earthquake,,0,159
2024-11-18 03:35:33.238,5.2,"37 km NNW of Basco, Philippines",121.867,20.7729,10.005,earthquake,,0,416
2024-11-18 02:56:59.450,3.36,"138 km NNE of Vieques, Puerto Rico",-65.3583333333333,19.589,72.98,earthquake,,0,174
2024-11-18 02:18:50.212,5.1,"141 km E of Saipan, Northern Mariana Islands",147.0544,15.039,10.0,earthquake,,0,400
2024-11-18 01:37:17.460,3.1,"13 km W of Mayagüez, Puerto Rico",-67.2711666666667,18.1891666666667,17.92,earthquake,,0,148
2024-11-18 00:00:44.709,5.0,southern Mid-Atlantic Ridge,-14.4618,-12.7645,10.0,earthquake,,0,385
2024-11-17 23:45:08.880,3.32,"75 km NE of Punta Cana, Dominican Republic",-67.9906666666667,19.1441666666667,24.99,earthquake,,0,170
2024-11-17 23:16:14.125,5.1,southern Mid-Atlantic Ridge,-14.7059,-12.826,10.0,earthquake,,0,400
2024-11-17 23:05:55.254,5.0,southern Mid-Atlantic Ridge,-14.9899,-12.7931,10.0,earthquake,,0,385
2024-11-17 23:01:10.875,4.8,"161 km NW of Abepura, Indonesia",139.447,-1.755,10.0,earthquake,,0,354
2024-11-17 21:43:38.860,2.51,"11 km SSE of Maria Antonia, Puerto Rico",-66.8536666666667,17.8848333333333,16.7,earthquake,,0,97
2024-11-17 20:45:07.332,4.4,"2 km NNE of Imām Şāḩib, Afghanistan",68.9488,37.2106,10.0,earthquake,,0,298
2024-11-17 20:05:53.950,2.85,"17 km N of Isabela, Puerto Rico",-66.993,18.6528333333333,13.73,earthquake,,0,125
2024-11-17 19:18:44.983,4.4,"254 km S of Lembar, Indonesia",116.3326,-11.0094,10.0,earthquake,,0,298
2024-11-17 19:02:56.160,4.4,"96 km SSW of Alo, Wallis and Futuna",-178.3951,-15.1373,422.146,earthquake,,0,298
2024-11-17 18:55:37.688,5.2,"122 km ESE of Kokopo, Papua New Guinea",153.282,-4.7722,69.305,earthquake,,0,416
2024-11-17 18:07:09.067,4.2,Banda Sea,129.8418,-6.9173,169.981,earthquake,,0,271
2024-11-17 15:42:33.864,3.2,"44 km WNW of Ninilchik, Alaska",-152.4346,60.1553,86.4,earthquake,,0,158
2024-11-17 14:14:02.477,4.8,south of the Fiji Islands,179.8846,-24.2733,508.147,earthquake,,0,354
2024-11-17 12:16:29.918,6.1,"155 km SSE of Koshima, Japan",131.3955,29.0501,8.0,earthquake,green,0,573
2024-11-17 11:48:10.389,2.7,"17 km E of Pleasanton, Texas",-98.302,28.946,4.6143,earthquake,,0,113
2024-11-17 11:43:21.130,2.63,"2 km NE of Magas Arriba, Puerto Rico",-66.7491666666667,18.0316666666667,13.77,earthquake,,0,106
2024-11-17 09:32:58.680,2.82,"6 km NW of Fontana, CA",-117.4961667,34.1401667,2.79,earthquake,,0,162
2024-11-17 09:32:58.325,2.7,"8 km NW of Fontana, California",-117.5008,34.1414,5.856,earthquake,,0,112
2024-11-17 09:27:25.570,2.88,"33 km ENE of Coso Junction, CA",-117.5868333,36.1043333,1.0,earthquake,,0,128
2024-11-17 09:24:25.130,2.67,"5 km SW of Pāhala, Hawaii",-155.505833333333,19.1656666666667,34.43,earthquake,,0,110
2024-11-17 09:24:23.624,4.2,"137 km E of Kokopo, Papua New Guinea",153.5084,-4.2945,106.376,earthquake,,0,271
2024-11-17 08:43:46.648,4.3,"250 km SE of Masohi, Indonesia",130.4671,-4.9975,122.319,earthquake,,0,284
2024-11-17 05:58:33.580,2.86,"11 km W of Almanor, CA",-121.3105,40.212,7.69,earthquake,,0,127
2024-11-17 04:51:43.590,3.0,"69 km ENE of Chase, Alaska",-148.8239,62.6433,32.1,earthquake,,0,138
2024-11-17 04:26:44.997,4.9,"129 km SE of Bitung, Indonesia",126.0453,0.7206,50.65,earthquake,,0,369
2024-11-17 04:17:21.600,3.43,"6 km NW of Fontana, CA",-117.4958333,34.1431667,3.06,earthquake,,0,319
2024-11-17 04:14:37.923,4.5,south of the Fiji Islands,-179.9814,-24.2382,510.613,earthquake,,0,312
2024-11-17 03:09:29.350,3.26,"22 km W of Stella, Puerto Rico",-67.4545,18.2903333333333,78.79,earthquake,,0,164
2024-11-17 00:47:40.780,3.72,"151 km NNE of Vieques, Puerto Rico",-65.2635,19.6805,70.0,earthquake,,0,213
2024-11-17 00:30:23.459,4.2,"20 km ENE of Shizunai-furukawachō, Japan",142.6002,42.3884,106.077,earthquake,,0,272
2024-11-17 00:00:59.070,2.82,"16 km N of Tierras Nuevas Poniente, Puerto Rico",-66.4841666666667,18.6101666666667,76.5,earthquake,,0,122
2024-11-16 23:49:30.250,4.4,"46 km ENE of Jurm, Afghanistan",71.2831,37.0869,97.735,earthquake,,0,298
2024-11-16 23:13:16.080,4.3,"37 km WSW of Ashkāsham, Afghanistan",71.1264,36.5965,195.327,earthquake,,0,284
2024-11-16 22:33:52.392,4.4,"Bonin Islands, Japan region",139.366,28.2097,492.672,earthquake,,0,298
2024-11-16 22:17:04.400,3.47,"6 km NW of Fontana, CA",-117.5001667,34.1425,2.79,earthquake,,0,373
2024-11-16 19:12:30.600,3.61,"78 km N of Cruz Bay, U.S. Virgin Islands",-64.6778,19.0361,65.0,earthquake,,0,200
2024-11-16 18:35:15.986,4.7,"91 km WNW of Pariaman, Indonesia",99.4138,-0.188,92.465,earthquake,,0,340
2024-11-16 18:25:27.713,4.4,"9 km NNE of Jordán, Colombia",-73.0505,6.8052,150.171,earthquake,,0,298
2024-11-16 16:40:18.230,2.69,"2 km SSW of Pāhala, Hawaii",-155.492004394531,19.1831665039062,31.1200008392334,earthquake,,0,112
2024-11-16 16:39:14.943,4.5,"198 km ENE of Levuka, Fiji",-178.8863,-17.5694,537.193,earthquake,,0,312
2024-11-16 15:52:08.410,3.23,"1 km SSW of Caruthersville, Missouri",-89.6606666666667,36.1803333333333,8.11,earthquake,,0,189
2024-11-16 15:44:02.956,4.8,"25 km NE of Port-Olry, Vanuatu",167.2523,-14.8942,157.75,earthquake,,0,354
2024-11-16 15:28:40.149,4.7,"61 km SW of Sibolga, Indonesia",98.3457,1.4045,88.978,earthquake,,0,340
2024-11-16 14:51:49.040,3.82,"90 km NNE of Punta Cana, Dominican Republic",-68.2146,19.3806,130.0,earthquake,,0,224
2024-11-16 14:37:24.480,3.41,"45 km NW of Rincón, Puerto Rico",-67.5811666666667,18.602,16.94,earthquake,,0,179
2024-11-16 14:35:02.290,3.43,"54 km ENE of Miches, Dominican Republic",-68.5941666666667,19.2153333333333,23.3,earthquake,,0,181
2024-11-16 14:15:52.519,4.5,"39 km SE of San Pedro de Atacama, Chile",-67.9562,-23.1842,145.462,earthquake,,0,312
2024-11-16 13:47:36.626,5.1,"78 km ENE of Petropavlovsk-Kamchatsky, Russia",159.7802,53.208,60.216,earthquake,,0,400
2024-11-16 13:31:31.010,2.64,"3 km NW of Anderson Springs, CA",-122.72233581543,38.7859992980957,2.48000001907349,earthquake,,0,108
2024-11-16 13:12:52.490,2.96000004,"16 km ENE of Pāhala, Hawaii",-155.332000732422,19.2488327026367,31.0400009155273,earthquake,,0,135
2024-11-16 13:02:07.873,3.5,"18 km E of Pleasanton, Texas",-98.292,28.952,3.7354,earthquake,,0,197
2024-11-16 12:49:43.740,2.75,"8 km W of Henning, Tennessee",-89.6661666666667,35.6676666666667,10.98,earthquake,,0,121
2024-11-16 12:22:17.713,5.0,"10 km N of Hiranai, Japan",140.9548,41.0115,11.86,earthquake,,0,387
2024-11-16 11:58:33.679,4.9,"134 km ENE of Kimbe, Papua New Guinea",151.3228,-5.2916,105.108,earthquake,,0,370
2024-11-16 11:51:26.889,4.4,"258 km ESE of Attu Station, Alaska",176.4675,51.69,30.81,earthquake,,0,298
2024-11-16 11:28:42.100,3.35,"47 km NW of Rincón, Puerto Rico",-67.523,18.6776666666667,5.01,earthquake,,0,173
2024-11-16 09:50:16.497,4.8,"33 km ENE of Codrington, Antigua and Barbuda",-61.5279,17.7545,29.485,earthquake,,0,354
2024-11-16 09:48:47.446,4.5,"42 km ENE of Codrington, Antigua and Barbuda",-61.4635,17.7965,24.14,earthquake,,0,312
2024-11-16 09:34:46.296,2.5,"8 km WNW of Point Possession, Alaska",-150.843,60.9444,17.3,earthquake,,0,96
2024-11-16 09:28:51.260,3.16,"3 km SE of Bartolo, Puerto Rico",-65.8175,18.341,122.08,earthquake,,0,154
2024-11-16 09:28:30.899,3.16,"8 km E of Nescatunga, Oklahoma",-98.05933333,36.7545,7.97,earthquake,,0,154
2024-11-16 08:46:50.958,4.0,"43 km S of La Esperanza (El Zapotal), Mexico",-93.141,15.0537,55.671,earthquake,,0,246
2024-11-16 08:22:26.677,5.4,"192 km SSE of Lata, Solomon Islands",166.617,-12.2641,121.078,earthquake,green,0,449
2024-11-16 07:03:06.784,4.9,"89 km SW of Puerto Madero, Mexico",-93.0933,14.2491,10.0,earthquake,,0,369
2024-11-16 07:02:28.538,4.1,"97 km SW of Puerto Madero, Mexico",-93.075,14.1135,10.0,earthquake,,0,259
2024-11-16 06:30:12.233,3.5,"150 km NNE of Atka, Alaska",-173.1773,53.4005,250.4,earthquake,,0,188
2024-11-16 06:30:11.189,3.9,"112 km E of Atka, Alaska",-172.5534,52.1878,298.495,earthquake,,0,234
2024-11-16 05:23:12.967,2.8,"16 km E of Pleasanton, Texas",-98.31,28.95,4.4189,earthquake,,0,121
2024-11-16 05:01:57.499,2.9,"40 km SW of Nanwalek, Alaska",-152.4237,59.1034,49.4,earthquake,,0,129
2024-11-16 05:01:53.230,3.03,"14 km SW of La Playa, Puerto Rico",-67.2786666666667,18.192,17.48,earthquake,,0,141
2024-11-16 04:14:01.454,3.1,"14 km E of Pleasanton, Texas",-98.336,28.987,1.416,earthquake,,0,149
2024-11-16 03:51:18.136,4.6,Fiji region,-177.6121,-19.0652,535.155,earthquake,,0,326
2024-11-16 02:17:09.474,5.2,southern Mid-Atlantic Ridge,-13.2696,-15.2823,10.0,earthquake,,0,416
2024-11-15 23:29:29.760,3.92,"52 km SE of Boca de Yuma, Dominican Republic",-68.2868,18.0176,69.0,earthquake,,0,236
2024-11-15 23:05:39.762,4.9,"74 km SE of Neiafu, Tonga",-173.5631,-19.1981,118.909,earthquake,,0,369
2024-11-15 22:41:08.150,3.01,"0 km ENE of The Geysers, CA",-122.7555,38.7778333333333,1.49,earthquake,,0,142
2024-11-15 22:38:35.580,2.86,"12 km WNW of Malibu, CA",-118.934,34.0371667,11.1,earthquake,,0,130
2024-11-15 22:32:01.576,4.3,"52 km ENE of Codrington, Antigua and Barbuda",-61.383,17.8612,22.51,earthquake,,0,284
2024-11-15 21:39:49.248,4.4,"7 km E of Pariaman, Indonesia",100.1855,-0.6274,124.35,earthquake,,0,298
2024-11-15 21:39:00.210,3.76,"2 km SW of Round Valley, CA",-118.612,37.3968333333333,8.15,earthquake,,0,230
2024-11-15 21:11:50.702,4.9,"40 km ENE of Codrington, Antigua and Barbuda",-61.4744,17.788,33.348,earthquake,,0,374
2024-11-15 20:16:15.950,3.8,"91 km E of Akutan, Alaska",-164.3714,54.0919,57.64,earthquake,,0,222
2024-11-15 18:51:19.869,4.4,"Bonin Islands, Japan region",139.388,27.7724,512.991,earthquake,,0,298
2024-11-15 18:27:25.117,2.5,"31 km SE of Mina, Nevada",-117.8991,38.1575,7.8,earthquake,,0,96
2024-11-15 18:07:17.120,4.3,"Kepulauan Babar, Indonesia",129.5672,-7.1362,117.238,earthquake,,0,284
2024-11-15 18:03:43.767,4.6,"129 km E of Kokopo, Papua New Guinea",153.4229,-4.5193,118.965,earthquake,,0,326
2024-11-15 17:58:53.016,4.9,"9 km E of Omigawa, Japan",140.7188,35.8377,66.101,earthquake,,0,369
2024-11-15 17:57:25.233,4.5,"120 km E of Kokopo, Papua New Guinea",153.3365,-4.5154,120.276,earthquake,,0,312
2024-11-15 16:45:36.913,4.2,"8 km SSW of Chānasma, India",72.0928,23.6369,10.0,earthquake,,0,273
2024-11-15 15:41:05.165,4.5,"34 km ENE of Kashima-shi, Japan",141.0001,36.0888,48.089,earthquake,,0,312
2024-11-15 15:27:42.267,4.5,"75 km S of Sarangani, Philippines",125.4144,4.7235,83.755,earthquake,,0,312
2024-11-15 15:02:19.749,4.4,"58 km S of Xichang, China",102.2018,27.3755,10.0,earthquake,,0,298
2024-11-15 14:17:41.446,2.9,"17 km E of Pleasanton, Texas",-98.301,28.949,6.543,earthquake,,0,129
2024-11-15 14:05:26.399,4.8,southeast of the Loyalty Islands,170.6672,-23.3745,18.329,earthquake,,0,354
2024-11-15 13:14:34.385,2.5,"56 km SSE of Kokhanok, Alaska",-154.4504,58.9567,121.3,earthquake,,0,96
2024-11-15 11:51:18.970,2.8,"16 km E of Pleasanton, Texas",-98.31,28.948,2.8564,earthquake,,0,121
2024-11-15 11:38:19.511,5.0,"298 km ESE of Vao, New Caledonia",170.239,-23.5887,10.0,earthquake,,0,385
2024-11-15 11:34:48.614,4.5,Banda Sea,129.8028,-6.3131,12.088,earthquake,,0,312
2024-11-15 11:28:29.832,2.9,"17 km E of Pleasanton, Texas",-98.304,28.95,4.8584,earthquake,,0,129
2024-11-15 10:51:26.058,4.5,"149 km E of Kimbe, Papua New Guinea",151.4814,-5.6417,54.915,earthquake,,0,312
2024-11-15 10:41:05.732,5.5,Balleny Islands region,153.9433,-61.5218,10.0,earthquake,green,0,465
2024-11-15 10:13:32.450,2.9,"16 km E of Pleasanton, Texas",-98.31,28.954,8.4717,earthquake,,0,130
2024-11-15 09:08:01.955,3.4,"255 km W of Bandon, Oregon",-127.4929,43.5904,10.0,earthquake,,0,178
2024-11-15 09:02:01.933,4.5,"4 km SSW of Nurluca, Turkey",40.8811,40.9999,10.0,earthquake,,0,314
2024-11-15 08:41:47.294,5.4,"129 km SE of Neiafu, Tonga",-172.9768,-19.3237,10.0,earthquake,green,0,449
2024-11-15 08:05:48.389,4.2,"17 km W of San Nicola Arcella, Italy",15.5865,39.8158,266.221,earthquake,,0,271
2024-11-15 07:46:20.983,4.9,"17 km E of Nurhak, Turkey",37.6427,37.9543,10.0,earthquake,,0,370
2024-11-15 07:29:20.763,4.8,"81 km NNW of Finschhafen, Papua New Guinea",147.4578,-5.9344,88.138,earthquake,,0,354
2024-11-15 06:29:30.730,3.08,"38 km NW of Rincón, Puerto Rico",-67.4843333333333,18.6015,6.22,earthquake,,0,146
2024-11-15 06:25:26.450,3.05,"6 km S of Volcano, Hawaii",-155.238333333333,19.3845,2.18,earthquake,,0,143
2024-11-15 05:31:47.684,4.2,"48 km SE of Neyshābūr, Iran",59.1317,35.8741,10.0,earthquake,,0,271
2024-11-15 05:28:29.617,6.6,"123 km ESE of Kokopo, Papua New Guinea",153.3201,-4.7021,51.891,earthquake,green,1,672
2024-11-15 04:11:55.810,2.72,"23 km SE of Pāhala, Hawaii",-155.354339599609,19.031665802002,15.0600004196167,earthquake,,0,114
2024-11-15 03:52:06.491,2.5,"44 km S of Glacier View, Alaska",-147.5214,61.4145,10.0,earthquake,,0,96
2024-11-15 03:46:45.931,5.0,"175 km SSE of Burica, Panama",-82.4485,6.5015,10.0,earthquake,,0,385
2024-11-15 03:08:42.015,2.7,"63 km SSW of Whites City, New Mexico",-104.53,31.618,8.2532,earthquake,,0,112
2024-11-15 02:28:33.117,2.6,"97 km W of Ferndale, California",-125.4038,40.4394,26.086,earthquake,,0,104
2024-11-15 02:17:08.437,4.7,"66 km SE of Atka, Alaska",-173.612,51.718,47.711,earthquake,,0,340
2024-11-15 02:08:12.987,4.6,"87 km WSW of Ternate, Indonesia",126.6648,0.4717,64.597,earthquake,,0,326
2024-11-15 00:15:17.634,4.2,"9 km SE of Dehdasht, Iran",50.6364,30.7305,10.0,earthquake,,0,271
2024-11-15 00:11:58.314,5.1,"120 km WSW of Adak, Alaska",-178.286,51.5375,55.982,earthquake,,0,401
2024-11-15 00:04:01.790,2.75,"10 km WSW of Friday Harbor, Washington",-123.15116666666667,48.49366666666667,48.05,earthquake,,0,120
2024-11-14 22:42:34.920,4.08,"19 km SE of Pāhala, Hawaii",-155.366666666667,19.0633333333333,33.35,earthquake,green,0,287
2024-11-14 22:29:22.292,2.7,"16 km NW of Stanton, Texas",-101.913,32.233,6.5674,earthquake,,0,112
2024-11-14 22:13:22.140,2.71,"42 km NE of San Clemente Is. (SE tip), CA",-117.9831667,33.0413333,5.88,earthquake,,0,116
2024-11-14 21:49:14.055,4.7,"134 km W of Adak, Alaska",-178.5798,51.7735,91.834,earthquake,,0,340
2024-11-14 20:49:35.333,2.7,"17 km E of Pleasanton, Texas",-98.304,28.952,6.5674,earthquake,,0,112
2024-11-14 20:48:56.344,4.4,"223 km SSE of Aqqan, China",82.8131,34.5768,10.0,earthquake,,0,298
2024-11-14 20:17:06.740,2.5,"56 km ESE of Whittier, Alaska",-147.6826,60.6455,13.3,earthquake,,0,96
2024-11-14 20:10:32.962,4.3,"207 km N of Hirara, Japan",125.4584,26.6758,207.804,earthquake,,0,284
2024-11-14 20:04:46.842,4.3,"37 km WNW of Ollagüe, Chile",-68.5718,-21.0741,140.752,earthquake,,0,284
2024-11-14 19:55:03.238,2.5,"17 km E of Pleasanton, Texas",-98.306,28.944,5.8838,earthquake,,0,96
2024-11-14 19:30:12.460,2.64,"5 km SSW of Volcano, Hawaii",-155.255661010742,19.3945007324219,0.949999988079071,earthquake,,0,107
2024-11-14 19:18:44.394,2.6,"23 km S of Westbrook, Texas",-101.058,32.145,5.6396,earthquake,,0,104
2024-11-14 19:08:17.412,5.1,"124 km WSW of Bandar Lampung, Indonesia",104.3091,-6.0281,88.381,earthquake,,0,400
2024-11-14 18:03:33.613,3.7,"18 km E of Pleasanton, Texas",-98.286,28.946,2.0264,earthquake,,0,226
2024-11-14 17:51:37.128,4.7,"63 km NW of Labuha, Indonesia",127.0899,-0.2088,38.42,earthquake,,0,340
2024-11-14 17:11:20.510,3.5,"36 km ESE of Atka, Alaska",-173.711666666667,52.0711666666667,2.31,earthquake,,0,188
2024-11-14 16:09:09.050,3.25,"0 km N of Volcano, Hawaii",-155.234666666667,19.4485,28.23,earthquake,,0,177
2024-11-14 15:42:52.206,4.5,"174 km NNE of Ruteng, Indonesia",121.2182,-7.2282,541.374,earthquake,,0,312
2024-11-14 15:32:56.909,4.3,"192 km SW of Bandar Lampung, Indonesia",104.0544,-6.6817,39.245,earthquake,,0,284
2024-11-14 14:21:19.986,2.9,"61 km SW of Cantwell, Alaska",-149.9114,63.0454,82.5,earthquake,,0,129
2024-11-14 13:34:42.160,2.87,"6 km WSW of Stratford, CA",-119.876666666667,36.1525,18.58,earthquake,,0,128
2024-11-14 13:07:31.865,4.2,"37 km S of Jurm, Afghanistan",70.8411,36.5261,189.026,earthquake,,0,271
2024-11-14 11:55:00.010,2.63,"5 km SSW of Palmarejo, Puerto Rico",-67.1056666666667,17.9958333333333,15.99,earthquake,,0,106
2024-11-14 11:15:12.948,4.7,"89 km ESE of Ōfunato, Japan",142.659,38.7378,47.69,earthquake,,0,340
2024-11-14 09:17:01.460,2.5,"7 km S of Volcano, Hawaii",-155.235992431641,19.3793334960938,28.0900001525879,earthquake,,0,96
2024-11-14 09:16:27.397,5.0,"13 km SSW of Montecillos, Mexico",-98.5612,16.2867,15.14,earthquake,,0,385
2024-11-14 07:58:13.695,2.9,"38 km W of Tatitlek, Alaska",-147.3821,60.9293,20.6,earthquake,,0,129
2024-11-14 07:54:42.658,4.5,south of the Fiji Islands,-179.556,-22.4068,577.324,earthquake,,0,312
2024-11-14 05:04:56.043,4.3,"32 km W of Ollagüe, Chile",-68.5696,-21.2492,137.433,earthquake,,0,284
2024-11-14 04:16:08.260,2.59,"18 km WSW of Toms Place, CA",-118.848999023438,37.4765014648438,7.59000015258789,earthquake,,0,103
2024-11-14 02:57:39.160,2.86,"9 km NNE of Brenas, Puerto Rico",-66.2988333333333,18.5386666666667,75.23,earthquake,,0,126
2024-11-14 02:40:35.178,4.3,"29 km SE of Mina, Nevada",-117.9166,38.173,14.2,earthquake,green,0,288
2024-11-14 02:38:16.141,4.6,"13 km SSE of Hualien City, Taiwan",121.6613,23.8706,25.715,earthquake,,0,326
2024-11-14 02:12:06.138,4.5,"95 km NNE of Tatsugō, Japan",130.128,29.1797,60.094,earthquake,,0,312
2024-11-14 01:08:21.648,3.3,"173 km SE of Perryville, Alaska",-157.0526,54.9028,10.0,earthquake,,0,168
2024-11-14 00:46:49.220,3.8,"137 km NNW of Charlotte Amalie, U.S. Virgin Islands",-65.1951,19.5611,94.0,earthquake,,0,222
2024-11-14 00:25:12.400,3.42,"69 km ENE of Punta Cana, Dominican Republic",-67.8435,18.9168333333333,3.55,earthquake,,0,180
2024-11-14 00:06:53.970,3.76,"130 km NNE of Vieques, Puerto Rico",-65.3205,19.4963,48.0,earthquake,,0,218
2024-11-14 00:02:13.676,4.5,"14 km SE of Kuzumaki, Japan",141.5736,39.9614,77.367,earthquake,,0,312
2024-11-13 23:38:33.700,2.71,"2 km ENE of Tallaboa Alta, Puerto Rico",-66.6815,18.0613333333333,19.08,earthquake,,0,113
2024-11-13 23:12:30.100,2.59,"10 km SSE of Guánica, Puerto Rico",-66.8708333333333,17.8883333333333,13.18,earthquake,,0,103
2024-11-13 23:09:46.450,2.89,"21 km NW of Rincón, Puerto Rico",-67.3726666666667,18.49,18.32,earthquake,,0,128
2024-11-13 22:38:31.520,3.4,"25 km NE of Miches, Dominican Republic",-68.8515,19.1126666666667,61.99,earthquake,,0,178
2024-11-13 20:55:09.170,2.63,"9 km SSE of Guánica, Puerto Rico",-66.8738333333333,17.892,12.8,earthquake,,0,106
2024-11-13 20:44:05.119,4.1,"68 km SW of Meulaboh, Indonesia",95.7134,3.6817,53.084,earthquake,,0,259
2024-11-13 18:40:42.595,4.9,"138 km S of Bengkulu, Indonesia",102.2359,-5.0536,19.821,earthquake,,0,369
2024-11-13 18:36:55.680,3.29,"12 km E of Coso Junction, CA",-117.8113333,36.0445,1.49,earthquake,,0,167
2024-11-13 18:13:30.360,3.34,"78 km SE of Boca de Yuma, Dominican Republic",-68.071,17.8838333333333,4.96,earthquake,,0,172
2024-11-13 16:34:09.884,4.5,"Izu Islands, Japan region",140.3579,31.9622,89.072,earthquake,,0,312
2024-11-13 16:13:58.373,3.6,"253 km SE of Chiniak, Alaska",-149.2576,56.0456,19.951,earthquake,,0,200
2024-11-13 15:47:56.709,4.9,"38 km S of Jurm, Afghanistan",70.8494,36.5196,224.206,earthquake,,0,370
2024-11-13 12:22:13.470,3.13,"14 km S of Fern Forest, Hawaii",-155.1315,19.3351666666667,6.53,earthquake,,0,154
2024-11-13 12:16:23.746,4.3,"46 km E of Vinchina, Argentina",-67.7268,-28.741,159.151,earthquake,,0,284
2024-11-13 11:40:27.127,3.6,"259 km SE of Chiniak, Alaska",-149.1221,56.048,10.0,earthquake,,0,199
2024-11-13 11:36:04.385,4.2,"85 km NNW of Ambon, Indonesia",127.8683,-2.9867,64.386,earthquake,,0,271
2024-11-13 10:46:55.883,2.7,"194 km SSE of Old Harbor, Alaska",-152.0073,55.6123,19.8,earthquake,,0,112
2024-11-13 10:20:35.465,4.6,"102 km ENE of Yigo Village, Guam",145.768,13.8815,76.518,earthquake,,0,326
2024-11-13 10:06:21.861,4.1,"34 km WSW of Ashkāsham, Afghanistan",71.2041,36.5278,125.016,earthquake,,0,259
2024-11-13 10:00:48.990,2.6,"60 km SE of Denali National Park, Alaska",-150.7526,63.2167,122.9,earthquake,,0,104
2024-11-13 09:32:42.697,2.5,"140 km W of Adak, Alaska",-178.6652,51.8323,96.9,earthquake,,0,96
2024-11-13 09:23:52.478,3.9,"91 km SSW of Calama, Chile",-69.4005,-23.1531,75.964,earthquake,,0,234
2024-11-13 09:07:03.162,4.5,"38 km WNW of Tatitlek, Alaska",-147.3606,60.9448,16.2,earthquake,,1,551
2024-11-13 07:24:52.960,3.19,"55 km N of Tierras Nuevas Poniente, Puerto Rico",-66.5076666666667,18.9611666666667,12.18,earthquake,,0,157
2024-11-13 07:02:08.502,4.4,"12 km S of Wada, Japan",139.9946,34.9247,97.178,earthquake,,0,299
2024-11-13 06:38:51.700,2.91,"2 km ENE of Maria Antonia, Puerto Rico",-66.8715,17.988,10.94,earthquake,,0,130
2024-11-13 06:26:04.097,4.3,"112 km S of Puerto San José, Guatemala",-90.8552,12.9147,10.0,earthquake,,0,284
2024-11-13 05:52:53.270,3.24,"61 km N of Tierras Nuevas Poniente, Puerto Rico",-66.4895,19.0148333333333,25.18,earthquake,,0,162
2024-11-13 05:22:31.935,2.5,"31 km NNE of Lowman, Idaho",-115.4971,44.3553,5.0,earthquake,,0,96
2024-11-13 05:21:50.863,4.8,southeast of the Loyalty Islands,170.9887,-22.4052,10.0,earthquake,,0,357
2024-11-13 05:21:32.130,2.75,"11 km NW of Morrison, Oklahoma",-97.1075,36.36216667,7.71,earthquake,,0,116
2024-11-13 05:13:20.699,5.1,"37 km WSW of Ashkāsham, Afghanistan",71.1536,36.5438,220.721,earthquake,,0,402
2024-11-13 04:28:42.510,4.3,"126 km NNW of Kimbe, Papua New Guinea",149.9113,-4.4272,524.163,earthquake,,0,284
2024-11-13 04:15:08.174,4.5,"110 km E of Lhasa, China",92.2414,29.6985,10.0,earthquake,,0,312
2024-11-13 03:28:11.573,4.2,"106 km NNW of La Serena, Chile",-71.7274,-29.0355,10.0,earthquake,,0,271
2024-11-13 01:41:08.664,4.9,"102 km SSW of Singaparna, Indonesia",107.8641,-8.2407,88.635,earthquake,,0,371
2024-11-13 01:29:31.011,5.1,South Sandwich Islands region,-24.8565,-58.7095,19.525,earthquake,,0,400
2024-11-13 01:24:27.777,4.4,"4 km E of Kōzaki, Japan",140.4461,35.9059,67.714,earthquake,,0,298
2024-11-13 00:49:32.213,2.9,"52 km NW of Rampart, Alaska",-150.8049,65.8983,16.3,earthquake,,0,129
2024-11-13 00:18:23.014,5.0,"11 km S of Santiago Tepextla, Mexico",-98.4411,16.2346,12.648,earthquake,,0,385
2024-11-13 00:07:36.477,4.5,"52 km E of Petropavlovsk-Kamchatsky, Russia",159.4094,53.1188,65.189,earthquake,,0,312
2024-11-12 23:41:13.180,3.36,"84 km N of Charlotte Amalie, U.S. Virgin Islands",-64.7993333333333,19.0953333333333,23.01,earthquake,,0,174
2024-11-12 23:06:41.658,4.3,"163 km NW of Vallenar, Chile",-72.0469,-27.6368,33.976,earthquake,,0,284
2024-11-12 22:14:17.600,3.36,"2 km NNE of La Parguera, Puerto Rico",-67.0365,17.9953,5.0,earthquake,,0,176
2024-11-12 22:05:06.861,2.5,"17 km NE of Hermleigh, Texas",-100.636,32.757,8.1787,earthquake,,0,96
2024-11-12 21:51:24.814,4.1,"119 km NNW of Dili, Timor Leste",125.3378,-7.5056,384.736,earthquake,,0,259
2024-11-12 21:01:33.330,3.0,"6 km SSE of Pāhala, Hawaii",-155.462829589844,19.1488342285156,46.6100006103516,earthquake,,0,139
2024-11-12 19:38:52.013,2.8,"12 km W of Chignik Lake, Alaska",-158.9693,56.2522,87.5,earthquake,,0,121
2024-11-12 16:08:42.283,5.4,north of Ascension Island,-13.2325,-1.3545,10.0,earthquake,green,0,449
2024-11-12 15:26:13.083,4.1,"225 km ESE of Attu Station, Alaska",176.3873,52.3087,114.08,earthquake,,0,259
2024-11-12 14:31:59.248,5.3,"38 km SE of Kokopo, Papua New Guinea",152.4987,-4.6006,87.552,earthquake,,0,432
2024-11-12 13:48:50.344,4.5,"62 km E of Ōarai, Japan",141.2801,36.3155,38.636,earthquake,,0,312
2024-11-12 09:24:26.883,5.2,"135 km W of Ternate, Indonesia",126.1828,0.5833,17.81,earthquake,,0,416
2024-11-12 08:35:28.963,2.6,"10 km WNW of Santo Domingo de los Colorados, Ecuador",-79.266,-0.2156,82.48,earthquake,,0,104
2024-11-12 08:30:35.144,4.4,"10 km NE of Gyalshing, India",88.3392,27.3495,10.0,earthquake,,0,299
2024-11-12 08:13:20.377,4.4,"131 km WNW of Anamizu, Japan",135.4869,37.5859,358.97,earthquake,,0,298
2024-11-12 06:26:32.196,4.6,"135 km NE of Kendari, Indonesia",123.4697,-3.2155,10.169,earthquake,,0,326
2024-11-12 05:59:44.532,4.7,"126 km NE of Kendari, Indonesia",123.3996,-3.2606,10.0,earthquake,,0,340
2024-11-12 05:16:15.970,3.55,"140 km NNE of Vieques, Puerto Rico",-65.2698,19.5795,42.0,earthquake,,0,194
2024-11-12 02:47:29.616,2.6,"61 km SSE of King Salmon, Alaska",-156.2666,58.1743,0.0,earthquake,,0,104
2024-11-12 01:38:55.943,4.3,"234 km E of Levuka, Fiji",-178.474,-18.0061,600.137,earthquake,,0,284
2024-11-12 01:26:06.230,3.0,"264 km SE of Chiniak, Alaska",-148.6214,56.3241,17.49,earthquake,,0,138
2024-11-12 01:12:57.120,4.2,"11 km NE of Denman, Australia",150.778,-32.3168,10.0,earthquake,,0,280
2024-11-12 01:12:44.830,2.79,"2 km NW of Point Arena, CA",-123.710670471191,38.9238319396973,-0.180000007152557,earthquake,,0,128
2024-11-12 01:01:01.080,3.34,"151 km NNE of Vieques, Puerto Rico",-65.2741666666667,19.6815,24.69,earthquake,,0,172
2024-11-12 00:59:35.440,2.82,"7 km ESE of La Parguera, Puerto Rico",-66.984,17.9386666666667,9.2,earthquake,,0,122
2024-11-11 23:56:24.328,4.9,"191 km ESE of Ust’-Kamchatsk Staryy, Russia",165.4283,55.7619,10.0,earthquake,,0,369
2024-11-11 22:21:52.580,4.2,"8 km SSW of Néa Flogitá, Greece",23.1921,40.1867,10.0,earthquake,,0,272
2024-11-11 22:10:09.065,4.9,"265 km WNW of Houma, Tonga",-177.7471,-20.4843,419.481,earthquake,,0,369
2024-11-11 20:21:30.740,4.5,Kuril Islands,153.8232,46.5685,53.992,earthquake,,0,312
2024-11-11 16:01:47.168,2.5,"18 km ESE of Larsen Bay, Alaska",-153.688,57.4928,9.0,earthquake,,0,96
2024-11-11 13:43:26.846,3.1,"39 km NW of Toyah, Texas",-104.096,31.561,6.1639,earthquake,,0,148
2024-11-11 13:35:30.742,5.0,Banda Sea,125.8108,-5.3993,509.604,earthquake,,0,385
2024-11-11 13:05:21.720,3.41,"19 km SSW of Stella, Puerto Rico",-67.3423,18.1716,13.0,earthquake,,0,179
2024-11-11 11:50:57.399,4.9,"Izu Islands, Japan region",139.8547,30.8043,187.988,earthquake,,0,369
2024-11-11 10:47:10.800,2.7,"55 km S of Whites City, New Mexico",-104.371,31.676,6.0999,earthquake,,0,112
2024-11-11 10:16:58.633,5.6,"Maug Islands region, Northern Mariana Islands",145.7557,20.2122,41.918,earthquake,green,0,482
2024-11-11 10:08:21.798,4.9,"111 km NW of Tual, Indonesia",132.0383,-4.9163,24.08,earthquake,,0,369
2024-11-11 08:27:55.271,4.4,"22 km ESE of Yapraklı, Turkey",34.0229,40.672,10.0,earthquake,,0,298
2024-11-11 08:19:51.211,4.2,"41 km E of Farkhār, Afghanistan",70.3151,36.5296,210.511,earthquake,,0,271
2024-11-11 08:19:29.276,4.1,"40 km SE of Molina, Chile",-70.932,-35.3348,113.78,earthquake,,0,259
2024-11-11 07:14:57.929,5.0,"109 km E of ‘Ohonua, Tonga",-173.9119,-21.2294,10.0,earthquake,,0,385
2024-11-11 06:44:36.483,2.5,"36 km SSW of Trapper Creek, Alaska",-150.5121,62.0133,15.0,earthquake,,0,98
2024-11-11 05:35:19.280,2.99,"27 km SE of Rio Dell, CA",-123.825,40.3935,30.29,earthquake,,0,139
2024-11-11 05:06:27.145,4.6,"36 km WSW of Port-Vila, Vanuatu",167.9767,-17.8176,35.0,earthquake,,0,326
2024-11-11 04:02:55.746,5.0,"118 km NE of Hihifo, Tonga",-173.1794,-15.0663,10.0,earthquake,,0,385
2024-11-11 02:34:08.050,4.7,"30 km NE of Port-Olry, Vanuatu",167.2613,-14.8408,123.788,earthquake,,0,340
2024-11-11 01:12:39.191,4.9,Banda Sea,129.6563,-6.9712,127.087,earthquake,,0,369
2024-11-11 00:39:54.786,4.1,"8 km N of Jordán, Colombia",-73.0964,6.8093,151.865,earthquake,,0,259
2024-11-10 22:35:12.752,5.0,"107 km NW of Tual, Indonesia",132.0684,-4.9359,10.0,earthquake,,0,385
2024-11-10 22:29:06.369,3.6,"3 km SW of Big Lake, Alaska",-150.0031,61.5049,35.1,earthquake,,0,253
2024-11-10 22:10:04.756,4.9,"84 km NW of San José de Jáchal, Argentina",-69.4465,-29.779,109.285,earthquake,,0,369
2024-11-10 21:53:21.370,3.56,"20 km NW of Desert Center, CA",-115.5245,33.8585,4.64,earthquake,,0,197
2024-11-10 21:29:00.257,4.9,"110 km NW of Tual, Indonesia",132.0305,-4.9391,10.0,earthquake,,0,369
2024-11-10 21:27:53.440,4.0,"53 km SSE of Media Luna, Cuba",-77.1679,19.7341,10.0,earthquake,,0,246
2024-11-10 20:55:16.326,4.5,"272 km SW of Severo-Kuril’sk, Russia",153.4229,48.9638,151.442,earthquake,,0,312
2024-11-10 20:13:16.630,3.27,"89 km N of Cruz Bay, U.S. Virgin Islands",-64.6328333333333,19.1236666666667,19.39,earthquake,,0,165
2024-11-10 19:14:19.900,4.22,"17 km SE of La Romana, Dominican Republic",-68.8358,18.3368,75.0,earthquake,,0,276
2024-11-10 18:45:37.901,4.6,"47 km SSW of Bartolomé Masó, Cuba",-77.1332,19.7783,15.315,earthquake,,0,326
2024-11-10 18:36:43.250,4.2,"49 km SSW of Bartolomé Masó, Cuba",-77.0907,19.743,16.081,earthquake,,0,271
2024-11-10 17:53:19.081,4.6,"54 km NNE of Isangel, Vanuatu",169.5187,-19.1,286.66,earthquake,,0,326
2024-11-10 17:23:31.685,4.5,"131 km SE of Antofagasta, Chile",-69.3494,-24.3444,95.902,earthquake,,0,312
2024-11-10 17:17:25.200,2.9,"23 km WNW of Hanksville, Utah",-110.972,38.4216666666667,3.62,earthquake,,0,129
2024-11-10 16:49:50.382,6.8,"40 km SSW of Bartolomé Masó, Cuba",-77.0391,19.8116,14.0,earthquake,yellow,1,825
2024-11-10 16:28:29.547,4.6,"132 km WNW of Pangai, Tonga",-175.5929,-19.5596,217.958,earthquake,,0,326
2024-11-10 16:11:04.330,2.77,"47 km N of San Juan, Puerto Rico",-66.1328333333333,18.8975,21.02,earthquake,,0,118
2024-11-10 15:50:02.566,5.9,"35 km S of Bartolomé Masó, Cuba",-76.8901,19.8523,14.219,earthquake,green,0,548
2024-11-10 15:49:09.280,3.75,"135 km NNE of Vieques, Puerto Rico",-65.388,19.5765,82.0,earthquake,,0,216
2024-11-10 15:46:59.031,5.2,"Kermadec Islands, New Zealand",-177.8097,-30.4474,36.161,earthquake,,0,416
2024-11-10 14:57:45.963,4.7,"Volcano Islands, Japan region",143.1985,25.7293,43.975,earthquake,,0,340
2024-11-10 14:44:39.298,3.4,"226 km S of Sand Point, Alaska",-160.3309,53.3078,6.2,earthquake,,0,178
2024-11-10 13:05:49.931,4.3,"73 km WSW of Ollagüe, Chile",-68.9218,-21.453,109.729,earthquake,,0,284
2024-11-10 13:02:18.396,4.2,"Pulau Pulau Tanimbar, Indonesia",130.3383,-7.9548,29.115,earthquake,,0,271
2024-11-10 12:41:07.458,2.8,"44 km ESE of Pedro Bay, Alaska",-153.409,59.5984,121.1,earthquake,,0,121
2024-11-10 12:20:37.170,2.5,"23 km WNW of Stanley, Idaho",-115.207,44.312,10.0,earthquake,,0,96
2024-11-10 09:43:23.356,4.9,Fiji region,-178.5388,-20.7634,590.905,earthquake,,0,369
2024-11-10 08:27:01.372,4.9,"171 km E of Hihifo, Tonga",-172.1996,-16.0484,10.0,earthquake,,0,369
2024-11-10 08:03:45.259,2.5,"1 km SE of Anchorage, Alaska",-149.8788,61.2055,41.3,earthquake,,0,96
2024-11-10 08:00:29.227,4.4,south of the Fiji Islands,179.9746,-23.7481,517.368,earthquake,,0,298
2024-11-10 07:44:19.761,4.4,"19 km S of San Mateo del Mar, Mexico",-94.9488,16.0331,58.843,earthquake,,0,298
2024-11-10 05:59:26.860,3.71,"138 km NNE of Vieques, Puerto Rico",-65.3571,19.5911,60.0,earthquake,,0,212
2024-11-10 05:13:22.823,4.9,"Volcano Islands, Japan region",142.824,25.6555,10.0,earthquake,,0,369
2024-11-10 05:03:46.860,3.76,"140 km NNE of Vieques, Puerto Rico",-65.3975,19.6273,44.0,earthquake,,0,218
2024-11-10 03:44:08.115,4.3,"101 km W of El Aguilar, Argentina",-66.6595,-23.0553,273.952,earthquake,,0,284
2024-11-10 01:41:22.390,2.53,"3 km SW of Indios, Puerto Rico",-66.8423333333333,17.9763333333333,17.16,earthquake,,0,98
2024-11-10 00:48:32.393,4.7,"132 km S of ‘Ohonua, Tonga",-174.7861,-22.5316,10.0,earthquake,,0,340
