time,magnitude,place,longitude,latitude,depth,type,alert,tsunami,sig
2024-11-19 12:56:02.383,2.5,"55 km S of Whites City, New Mexico",-104.417,31.674,6.3947,earthquake,,0,96
2024-11-19 12:23:22.989,4.6,"Volcano Islands, Japan region",142.5186,25.6437,10.0,earthquake,,0,326
2024-11-19 10:27:44.704,3.1,"16 km NNE of Houston, Alaska",-149.7231,61.773,35.2,earthquake,,0,148
2024-11-19 10:27:30.793,2.7,"70 km NW of Lake Louise, Alaska",-147.5708,62.7081,144.5,earthquake,,0,112
2024-11-19 10:14:52.264,4.3,"119 km SSW of Manuel Ávila Camacho (Ponte Duro), Mexico",-94.1674,14.8871,10.0,earthquake,,0,284
2024-11-19 09:32:42.400,3.18,"11 km NW of Rincón, Puerto Rico",-67.3218333333333,18.4183333333333,15.35,earthquake,,0,156
2024-11-19 09:13:01.510,3.18,"13 km W of Pole Ojea, Puerto Rico",-67.3113333333333,17.9931666666667,33.5,earthquake,,0,156
2024-11-19 08:34:01.837,5.0,"31 km S of Pondaguitan, Philippines",126.14,6.0785,98.377,earthquake,,0,385
2024-11-19 06:39:53.850,2.84,"4 km SE of San Germán, Puerto Rico",-67.01,18.053,18.4,earthquake,,0,124
2024-11-19 06:27:02.981,2.6,"31 km WSW of Ackerly, Texas",-102.0149,32.4004,5.0,earthquake,,0,104
2024-11-19 06:25:35.898,2.7,"13 km E of Pleasanton, Texas",-98.3405,28.9885,8.568,earthquake,,0,112
2024-11-19 04:00:44.657,2.5,"6 km N of Sipsey, Alabama",-87.0747,33.8818,5.0,earthquake,,0,111
2024-11-19 03:21:20.710,2.92,"14 km W of Pole Ojea, Puerto Rico",-67.3176666666667,17.993,33.76,earthquake,,0,131
2024-11-19 02:46:38.142,2.8,"36 km WSW of Mentone, Texas",-103.969,31.61,7.7277,earthquake,,0,121
2024-11-19 02:41:53.877,5.6,"50 km W of Houma, Tonga",-175.7866,-21.1189,10.0,earthquake,green,0,482
2024-11-18 22:31:05.130,3.73,"154 km NNE of Vieques, Puerto Rico",-65.29,19.7215,35.0,earthquake,,0,214
2024-11-18 21:42:16.829,4.5,"Pagan region, Northern Mariana Islands",145.7664,18.4667,210.889,earthquake,,0,312
2024-11-18 21:02:39.967,4.3,"87 km W of Ambunti, Papua New Guinea",142.0358,-4.1416,121.602,earthquake,,0,284
2024-11-18 20:50:31.177,4.7,"87 km W of Cabittaogan, Philippines",119.5395,17.6053,10.0,earthquake,,0,340
2024-11-18 19:28:31.040,2.6,"20 km NNW of Stanton, Texas",-101.836,32.31,6.1768,earthquake,,0,105
2024-11-18 19:28:01.937,3.9,"17 km E of Pleasanton, Texas",-98.302,28.948,3.6865,earthquake,,0,241
2024-11-18 19:27:20.690,3.41,"148 km NNE of Vieques, Puerto Rico",-65.2751666666667,19.6576666666667,34.96,earthquake,,0,179
2024-11-18 17:59:40.775,4.7,"143 km S of Lata, Solomon Islands",165.9981,-12.01,10.0,earthquake,,0,340
2024-11-18 14:22:23.800,2.83,"93 km SSW of Alberto Oviedo Mota, B.C., MX",-115.6173333,31.4843333,8.53,earthquake,,0,123
2024-11-18 13:27:22.569,4.6,"15 km NE of Hualien City, Taiwan",121.7066,24.0821,10.0,earthquake,,0,326
2024-11-18 13:04:47.114,4.6,"17 km WSW of Quilca, Peru",-72.5933,-16.7604,55.306,earthquake,,0,326
2024-11-18 12:45:41.414,2.8,"55 km S of Whites City, New Mexico",-104.401,31.679,6.228,earthquake,,0,121
2024-11-18 10:22:06.876,2.7,"64 km ESE of Pedro Bay, Alaska",-153.0301,59.5945,115.2,earthquake,,0,112
2024-11-18 07:36:17.560,2.59,"3 km SSE of Maria Antonia, Puerto Rico",-66.8743333333333,17.9545,18.16,earthquake,,0,103
2024-11-18 07:25:11.488,4.6,"Volcano Islands, Japan region",142.6387,25.1481,10.0,earthquake,,0,326
2024-11-18 07:06:27.135,4.5,"99 km E of Lhasa, China",92.1085,29.8289,10.0,earthquake,,0,312
2024-11-18 07:01:59.172,4.7,"114 km ENE of Lhasa, China",92.2411,29.9378,10.0,earthquake,,0,340
2024-11-18 06:06:54.953,4.7,"154 km SSE of Kuqa, China",83.3324,40.3573,10.0,earthquake,,0,340
2024-11-18 05:58:34.796,2.5,"6 km S of Chase, Alaska",-150.0868,62.3909,22.4,earthquake,,0,96
2024-11-18 05:24:16.655,4.9,west of Macquarie Island,147.2637,-56.5196,10.0,earthquake,,0,369
2024-11-18 05:06:32.753,4.4,"78 km NNE of San Pedro de Atacama, Chile",-67.8699,-22.2715,173.974,earthquake,,0,298
2024-11-18 04:57:45.042,3.8,"111 km SW of Nikolski, Alaska",-170.0985,52.284,25.3,earthquake,,0,222
2024-11-18 04:57:11.147,5.0,Southwest Indian Ridge,55.1765,-34.4968,10.0,earthquake,,0,385
2024-11-18 04:17:40.860,3.21,"25 km SW of Stella, Puerto Rico",-67.4081666666667,18.1566666666667,5.89,earthquake,,0,159
2024-11-18 03:35:33.238,5.2,"37 km NNW of Basco, Philippines",121.867,20.7729,10.005,earthquake,,0,416
2024-11-18 02:56:59.450,3.36,"138 km NNE of Vieques, Puerto Rico",-65.3583333333333,19.589,72.98,earthquake,,0,174
2024-11-18 02:18:50.212,5.1,"141 km E of Saipan, Northern Mariana Islands",147.0544,15.039,10.0,earthquake,,0,400
2024-11-18 01:37:17.460,3.1,"13 km W of Mayagüez, Puerto Rico",-67.2711666666667,18.1891666666667,17.92,earthquake,,0,148
2024-11-18 00:00:44.709,5.0,southern Mid-Atlantic Ridge,-14.4618,-12.7645,10.0,earthquake,,0,385
