time,magnitude,place,longitude,latitude,depth,type,alert,tsunami,sig
2024-11-19 12:56:02.383,2.5,"55 km S of Whites City, New Mexico",-104.417,31.674,6.3947,earthquake,,0,96
2024-11-19 12:23:22.989,4.6,"Volcano Islands, Japan region",142.5186,25.6437,10.0,earthquake,,0,326
2024-11-19 10:27:44.704,3.1,"16 km NNE of Houston, Alaska",-149.7231,61.773,35.2,earthquake,,0,148
2024-11-19 10:27:30.793,2.7,"70 km NW of Lake Louise, Alaska",-147.5708,62.7081,144.5,earthquake,,0,112
2024-11-19 10:14:52.264,4.3,"119 km SSW of Manuel Ávila Camacho (Ponte Duro), Mexico",-94.1674,14.8871,10.0,earthquake,,0,284
2024-11-19 09:32:42.400,3.18,"11 km NW of Rincón, Puerto Rico",-67.3218333333333,18.4183333333333,15.35,earthquake,,0,156
2024-11-19 09:13:01.510,3.18,"13 km W of Pole Ojea, Puerto Rico",-67.3113333333333,17.9931666666667,33.5,earthquake,,0,156
2024-11-19 08:34:01.837,5.0,"31 km S of Pondaguitan, Philippines",126.14,6.0785,98.377,earthquake,,0,385
2024-11-19 06:39:53.850,2.84,"4 km SE of San Germán, Puerto Rico",-67.01,18.053,18.4,earthquake,,0,124
2024-11-19 06:27:02.981,2.6,"31 km WSW of Ackerly, Texas",-102.0149,32.4004,5.0,earthquake,,0,104
2024-11-19 06:25:35.898,2.7,"13 km E of Pleasanton, Texas",-98.3405,28.9885,8.568,earthquake,,0,112
2024-11-19 04:00:44.657,2.5,"6 km N of Sipsey, Alabama",-87.0747,33.8818,5.0,earthquake,,0,111
2024-11-19 03:21:20.710,2.92,"14 km W of Pole Ojea, Puerto Rico",-67.3176666666667,17.993,33.76,earthquake,,0,131
2024-11-19 02:46:38.142,2.8,"36 km WSW of Mentone, Texas",-103.969,31.61,7.7277,earthquake,,0,121
2024-11-19 02:41:53.877,5.6,"50 km W of Houma, Tonga",-175.7866,-21.1189,10.0,earthquake,green,0,482
2024-11-18 22:31:05.130,3.73,"154 km NNE of Vieques, Puerto Rico",-65.29,19.7215,35.0,earthquake,,0,214
2024-11-18 21:42:16.829,4.5,"Pagan region, Northern Mariana Islands",145.7664,18.4667,210.889,earthquake,,0,312
2024-11-18 21:02:39.967,4.3,"87 km W of Ambunti, Papua New Guinea",142.0358,-4.1416,121.602,earthquake,,0,284
2024-11-18 20:50:31.177,4.7,"87 km W of Cabittaogan, Philippines",119.5395,17.6053,10.0,earthquake,,0,340
2024-11-18 19:28:31.040,2.6,"20 km NNW of Stanton, Texas",-101.836,32.31,6.1768,earthquake,,0,105
2024-11-18 19:28:01.937,3.9,"17 km E of Pleasanton, Texas",-98.302,28.948,3.6865,earthquake,,0,241
2024-11-18 19:27:20.690,3.41,"148 km NNE of Vieques, Puerto Rico",-65.2751666666667,19.6576666666667,34.96,earthquake,,0,179
2024-11-18 17:59:40.775,4.7,"143 km S of Lata, Solomon Islands",165.9981,-12.01,10.0,earthquake,,0,340
2024-11-18 14:22:23.800,2.83,"93 km SSW of Alberto Oviedo Mota, B.C., MX",-115.6173333,31.4843333,8.53,earthquake,,0,123
2024-11-18 13:27:22.569,4.6,"15 km NE of Hualien City, Taiwan",121.7066,24.0821,10.0,earthquake,,0,326
2024-11-18 13:04:47.114,4.6,"17 km WSW of Quilca, Peru",-72.5933,-16.7604,55.306,earthquake,,0,326
2024-11-18 12:45:41.414,2.8,"55 km S of Whites City, New Mexico",-104.401,31.679,6.228,earthquake,,0,121
2024-11-18 10:22:06.876,2.7,"64 km ESE of Pedro Bay, Alaska",-153.0301,59.5945,115.2,earthquake,,0,112
2024-11-18 07:36:17.560,2.59,"3 km SSE of Maria Antonia, Puerto Rico",-66.8743333333333,17.9545,18.16,earthquake,,0,103
2024-11-18 07:25:11.488,4.6,"Volcano Islands, Japan region",142.6387,25.1481,10.0,earthquake,,0,326
2024-11-18 07:06:27.135,4.5,"99 km E of Lhasa, China",92.1085,29.8289,10.0,earthquake,,0,312
2024-11-18 07:01:59.172,4.7,"114 km ENE of Lhasa, China",92.2411,29.9378,10.0,earthquake,,0,340
2024-11-18 06:06:54.953,4.7,"154 km SSE of Kuqa, China",83.3324,40.3573,10.0,earthquake,,0,340
2024-11-18 05:58:34.796,2.5,"6 km S of Chase, Alaska",-150.0868,62.3909,22.4,earthquake,,0,96
2024-11-18 05:24:16.655,4.9,west of Macquarie Island,147.2637,-56.5196,10.0,earthquake,,0,369
2024-11-18 05:06:32.753,4.4,"78 km NNE of San Pedro de Atacama, Chile",-67.8699,-22.2715,173.974,earthquake,,0,298
2024-11-18 04:57:45.042,3.8,"111 km SW of Nikolski, Alaska",-170.0985,52.284,25.3,earthquake,,0,222
2024-11-18 04:57:11.147,5.0,Southwest Indian Ridge,55.1765,-34.4968,10.0,earthquake,,0,385
2024-11-18 04:17:40.860,3.21,"25 km SW of Stella, Puerto Rico",-67.4081666666667,18.1566666666667,5.89,earthquake,,0,159
2024-11-18 03:35:33.238,5.2,"37 km NNW of Basco, Philippines",121.867,20.7729,10.005,earthquake,,0,416
2024-11-18 02:56:59.450,3.36,"138 km NNE of Vieques, Puerto Rico",-65.3583333333333,19.589,72.98,earthquake,,0,174
2024-11-18 02:18:50.212,5.1,"141 km E of Saipan, Northern Mariana Islands",147.0544,15.039,10.0,earthquake,,0,400
2024-11-18 01:37:17.460,3.1,"13 km W of Mayagüez, Puerto Rico",-67.2711666666667,18.1891666666667,17.92,earthquake,,0,148
2024-11-18 00:00:44.709,5.0,southern Mid-Atlantic Ridge,-14.4618,-12.7645,10.0,earthquake,,0,385
2024-11-17 23:45:08.880,3.32,"75 km NE of Punta Cana, Dominican Republic",-67.9906666666667,19.1441666666667,24.99,earthquake,,0,170
2024-11-17 23:16:14.125,5.1,southern Mid-Atlantic Ridge,-14.7059,-12.826,10.0,earthquake,,0,400
2024-11-17 23:05:55.254,5.0,southern Mid-Atlantic Ridge,-14.9899,-12.7931,10.0,earthquake,,0,385
2024-11-17 23:01:10.875,4.8,"161 km NW of Abepura, Indonesia",139.447,-1.755,10.0,earthquake,,0,354
2024-11-17 21:43:38.860,2.51,"11 km SSE of Maria Antonia, Puerto Rico",-66.8536666666667,17.8848333333333,16.7,earthquake,,0,97
2024-11-17 20:45:07.332,4.4,"2 km NNE of Imām Şāḩib, Afghanistan",68.9488,37.2106,10.0,earthquake,,0,298
2024-11-17 20:05:53.950,2.85,"17 km N of Isabela, Puerto Rico",-66.993,18.6528333333333,13.73,earthquake,,0,125
2024-11-17 19:18:44.983,4.4,"254 km S of Lembar, Indonesia",116.3326,-11.0094,10.0,earthquake,,0,298
2024-11-17 19:02:56.160,4.4,"96 km SSW of Alo, Wallis and Futuna",-178.3951,-15.1373,422.146,earthquake,,0,298
2024-11-17 18:55:37.688,5.2,"122 km ESE of Kokopo, Papua New Guinea",153.282,-4.7722,69.305,earthquake,,0,416
2024-11-17 18:07:09.067,4.2,Banda Sea,129.8418,-6.9173,169.981,earthquake,,0,271
2024-11-17 15:42:33.864,3.2,"44 km WNW of Ninilchik, Alaska",-152.4346,60.1553,86.4,earthquake,,0,158
2024-11-17 14:14:02.477,4.8,south of the Fiji Islands,179.8846,-24.2733,508.147,earthquake,,0,354
2024-11-17 12:16:29.918,6.1,"155 km SSE of Koshima, Japan",131.3955,29.0501,8.0,earthquake,green,0,573
2024-11-17 11:48:10.389,2.7,"17 km E of Pleasanton, Texas",-98.302,28.946,4.6143,earthquake,,0,113
2024-11-17 11:43:21.130,2.63,"2 km NE of Magas Arriba, Puerto Rico",-66.7491666666667,18.0316666666667,13.77,earthquake,,0,106
2024-11-17 09:32:58.680,2.82,"6 km NW of Fontana, CA",-117.4961667,34.1401667,2.79,earthquake,,0,162
2024-11-17 09:32:58.325,2.7,"8 km NW of Fontana, California",-117.5008,34.1414,5.856,earthquake,,0,112
2024-11-17 09:27:25.570,2.88,"33 km ENE of Coso Junction, CA",-117.5868333,36.1043333,1.0,earthquake,,0,128
2024-11-17 09:24:25.130,2.67,"5 km SW of Pāhala, Hawaii",-155.505833333333,19.1656666666667,34.43,earthquake,,0,110
2024-11-17 09:24:23.624,4.2,"137 km E of Kokopo, Papua New Guinea",153.5084,-4.2945,106.376,earthquake,,0,271
2024-11-17 08:43:46.648,4.3,"250 km SE of Masohi, Indonesia",130.4671,-4.9975,122.319,earthquake,,0,284
2024-11-17 05:58:33.580,2.86,"11 km W of Almanor, CA",-121.3105,40.212,7.69,earthquake,,0,127
2024-11-17 04:51:43.590,3.0,"69 km ENE of Chase, Alaska",-148.8239,62.6433,32.1,earthquake,,0,138
2024-11-17 04:26:44.997,4.9,"129 km SE of Bitung, Indonesia",126.0453,0.7206,50.65,earthquake,,0,369
2024-11-17 04:17:21.600,3.43,"6 km NW of Fontana, CA",-117.4958333,34.1431667,3.06,earthquake,,0,319
2024-11-17 04:14:37.923,4.5,south of the Fiji Islands,-179.9814,-24.2382,510.613,earthquake,,0,312
2024-11-17 03:09:29.350,3.26,"22 km W of Stella, Puerto Rico",-67.4545,18.2903333333333,78.79,earthquake,,0,164
2024-11-17 00:47:40.780,3.72,"151 km NNE of Vieques, Puerto Rico",-65.2635,19.6805,70.0,earthquake,,0,213
2024-11-17 00:30:23.459,4.2,"20 km ENE of Shizunai-furukawachō, Japan",142.6002,42.3884,106.077,earthquake,,0,272
2024-11-17 00:00:59.070,2.82,"16 km N of Tierras Nuevas Poniente, Puerto Rico",-66.4841666666667,18.6101666666667,76.5,earthquake,,0,122
2024-11-16 23:49:30.250,4.4,"46 km ENE of Jurm, Afghanistan",71.2831,37.0869,97.735,earthquake,,0,298
2024-11-16 23:13:16.080,4.3,"37 km WSW of Ashkāsham, Afghanistan",71.1264,36.5965,195.327,earthquake,,0,284
2024-11-16 22:33:52.392,4.4,"Bonin Islands, Japan region",139.366,28.2097,492.672,earthquake,,0,298
2024-11-16 22:17:04.400,3.47,"6 km NW of Fontana, CA",-117.5001667,34.1425,2.79,earthquake,,0,373
2024-11-16 19:12:30.600,3.61,"78 km N of Cruz Bay, U.S. Virgin Islands",-64.6778,19.0361,65.0,earthquake,,0,200
2024-11-16 18:35:15.986,4.7,"91 km WNW of Pariaman, Indonesia",99.4138,-0.188,92.465,earthquake,,0,340
2024-11-16 18:25:27.713,4.4,"9 km NNE of Jordán, Colombia",-73.0505,6.8052,150.171,earthquake,,0,298
2024-11-16 16:40:18.230,2.69,"2 km SSW of Pāhala, Hawaii",-155.492004394531,19.1831665039062,31.1200008392334,earthquake,,0,112
2024-11-16 16:39:14.943,4.5,"198 km ENE of Levuka, Fiji",-178.8863,-17.5694,537.193,earthquake,,0,312
2024-11-16 15:52:08.410,3.23,"1 km SSW of Caruthersville, Missouri",-89.6606666666667,36.1803333333333,8.11,earthquake,,0,189
2024-11-16 15:44:02.956,4.8,"25 km NE of Port-Olry, Vanuatu",167.2523,-14.8942,157.75,earthquake,,0,354
2024-11-16 15:28:40.149,4.7,"61 km SW of Sibolga, Indonesia",98.3457,1.4045,88.978,earthquake,,0,340
2024-11-16 14:51:49.040,3.82,"90 km NNE of Punta Cana, Dominican Republic",-68.2146,19.3806,130.0,earthquake,,0,224
2024-11-16 14:37:24.480,3.41,"45 km NW of Rincón, Puerto Rico",-67.5811666666667,18.602,16.94,earthquake,,0,179
2024-11-16 14:35:02.290,3.43,"54 km ENE of Miches, Dominican Republic",-68.5941666666667,19.2153333333333,23.3,earthquake,,0,181
2024-11-16 14:15:52.519,4.5,"39 km SE of San Pedro de Atacama, Chile",-67.9562,-23.1842,145.462,earthquake,,0,312
2024-11-16 13:47:36.626,5.1,"78 km ENE of Petropavlovsk-Kamchatsky, Russia",159.7802,53.208,60.216,earthquake,,0,400
2024-11-16 13:31:31.010,2.64,"3 km NW of Anderson Springs, CA",-122.72233581543,38.7859992980957,2.48000001907349,earthquake,,0,108
2024-11-16 13:12:52.490,2.96000004,"16 km ENE of Pāhala, Hawaii",-155.332000732422,19.2488327026367,31.0400009155273,earthquake,,0,135
2024-11-16 13:02:07.873,3.5,"18 km E of Pleasanton, Texas",-98.292,28.952,3.7354,earthquake,,0,197
2024-11-16 12:49:43.740,2.75,"8 km W of Henning, Tennessee",-89.6661666666667,35.6676666666667,10.98,earthquake,,0,121
2024-11-16 12:22:17.713,5.0,"10 km N of Hiranai, Japan",140.9548,41.0115,11.86,earthquake,,0,387
2024-11-16 11:58:33.679,4.9,"134 km ENE of Kimbe, Papua New Guinea",151.3228,-5.2916,105.108,earthquake,,0,370
2024-11-16 11:51:26.889,4.4,"258 km ESE of Attu Station, Alaska",176.4675,51.69,30.81,earthquake,,0,298
2024-11-16 11:28:42.100,3.35,"47 km NW of Rincón, Puerto Rico",-67.523,18.6776666666667,5.01,earthquake,,0,173
2024-11-16 09:50:16.497,4.8,"33 km ENE of Codrington, Antigua and Barbuda",-61.5279,17.7545,29.485,earthquake,,0,354
2024-11-16 09:48:47.446,4.5,"42 km ENE of Codrington, Antigua and Barbuda",-61.4635,17.7965,24.14,earthquake,,0,312
2024-11-16 09:34:46.296,2.5,"8 km WNW of Point Possession, Alaska",-150.843,60.9444,17.3,earthquake,,0,96
2024-11-16 09:28:51.260,3.16,"3 km SE of Bartolo, Puerto Rico",-65.8175,18.341,122.08,earthquake,,0,154
2024-11-16 09:28:30.899,3.16,"8 km E of Nescatunga, Oklahoma",-98.05933333,36.7545,7.97,earthquake,,0,154
2024-11-16 08:46:50.958,4.0,"43 km S of La Esperanza (El Zapotal), Mexico",-93.141,15.0537,55.671,earthquake,,0,246
2024-11-16 08:22:26.677,5.4,"192 km SSE of Lata, Solomon Islands",166.617,-12.2641,121.078,earthquake,green,0,449
2024-11-16 07:03:06.784,4.9,"89 km SW of Puerto Madero, Mexico",-93.0933,14.2491,10.0,earthquake,,0,369
2024-11-16 07:02:28.538,4.1,"97 km SW of Puerto Madero, Mexico",-93.075,14.1135,10.0,earthquake,,0,259
2024-11-16 06:30:12.233,3.5,"150 km NNE of Atka, Alaska",-173.1773,53.4005,250.4,earthquake,,0,188
2024-11-16 06:30:11.189,3.9,"112 km E of Atka, Alaska",-172.5534,52.1878,298.495,earthquake,,0,234
2024-11-16 05:23:12.967,2.8,"16 km E of Pleasanton, Texas",-98.31,28.95,4.4189,earthquake,,0,121
2024-11-16 05:01:57.499,2.9,"40 km SW of Nanwalek, Alaska",-152.4237,59.1034,49.4,earthquake,,0,129
2024-11-16 05:01:53.230,3.03,"14 km SW of La Playa, Puerto Rico",-67.2786666666667,18.192,17.48,earthquake,,0,141
2024-11-16 04:14:01.454,3.1,"14 km E of Pleasanton, Texas",-98.336,28.987,1.416,earthquake,,0,149
2024-11-16 03:51:18.136,4.6,Fiji region,-177.6121,-19.0652,535.155,earthquake,,0,326
2024-11-16 02:17:09.474,5.2,southern Mid-Atlantic Ridge,-13.2696,-15.2823,10.0,earthquake,,0,416
