{
    "date": "2024-11-04",
    "total_earthquakes": 542,
    "magnitude_range": {
        "min": 2.5,
        "max": 6.8,
        "mean": 3.9016051661254614
    },
    "location_bounds": {
        "lat": {
            "min": -61.5218,
            "max": 69.4516
        },
        "lon": {
            "min": -179.9814,
            "max": 179.9746
        }
    },
    "depth_stats": {
        "min": -0.21,
        "max": 602.645,
        "mean": 69.12113911973137
    },
    "saved_at": "2024-11-19 13:37:12"
}