{
    "date": "2024-11-06",
    "total_earthquakes": 480,
    "magnitude_range": {
        "min": 2.5,
        "max": 6.8,
        "mean": 3.9321666667499997
    },
    "location_bounds": {
        "lat": {
            "min": -61.5218,
            "max": 69.4164
        },
        "lon": {
            "min": -179.9814,
            "max": 179.9746
        }
    },
    "depth_stats": {
        "min": -0.21,
        "max": 600.137,
        "mean": 67.73370813103
    },
    "saved_at": "2024-11-19 13:37:15"
}