{
    "date": "2024-11-14",
    "total_earthquakes": 205,
    "magnitude_range": {
        "min": 2.5,
        "max": 6.6,
        "mean": 3.8545853660487808
    },
    "location_bounds": {
        "lat": {
            "min": -61.5218,
            "max": 63.0454
        },
        "lon": {
            "min": -179.9814,
            "max": 179.8846
        }
    },
    "depth_stats": {
        "min": 0.949999988079071,
        "max": 577.324,
        "mean": 65.95539806091075
    },
    "saved_at": "2024-11-19 13:37:23"
}