{
    "date": "2024-11-10",
    "total_earthquakes": 331,
    "magnitude_range": {
        "min": 2.5,
        "max": 6.8,
        "mean": 3.906797583202417
    },
    "location_bounds": {
        "lat": {
            "min": -61.5218,
            "max": 65.8983
        },
        "lon": {
            "min": -179.9814,
            "max": 179.9746
        }
    },
    "depth_stats": {
        "min": -0.180000007152557,
        "max": 600.137,
        "mean": 70.6567707041991
    },
    "saved_at": "2024-11-19 13:37:19"
}