{
    "date": "2024-11-18",
    "total_earthquakes": 44,
    "magnitude_range": {
        "min": 2.5,
        "max": 5.6,
        "mean": 3.785227272727273
    },
    "location_bounds": {
        "lat": {
            "min": -56.5196,
            "max": 62.7081
        },
        "lon": {
            "min": -175.7866,
            "max": 165.9981
        }
    },
    "depth_stats": {
        "min": 3.6865,
        "max": 210.889,
        "mean": 33.999652272727275
    },
    "saved_at": "2024-11-19 13:37:25"
}