{
    "date": "2024-11-16",
    "total_earthquakes": 117,
    "magnitude_range": {
        "min": 2.5,
        "max": 6.1,
        "mean": 3.837008547350427
    },
    "location_bounds": {
        "lat": {
            "min": -56.5196,
            "max": 62.7081
        },
        "lon": {
            "min": -179.9814,
            "max": 179.8846
        }
    },
    "depth_stats": {
        "min": 1.0,
        "max": 537.193,
        "mean": 69.68171198097293
    },
    "saved_at": "2024-11-19 13:37:24"
}