{
    "date": "2024-11-07",
    "total_earthquakes": 454,
    "magnitude_range": {
        "min": 2.5,
        "max": 6.8,
        "mean": 3.9337665199118943
    },
    "location_bounds": {
        "lat": {
            "min": -61.5218,
            "max": 69.4164
        },
        "lon": {
            "min": -179.9814,
            "max": 179.9746
        }
    },
    "depth_stats": {
        "min": -0.180000007152557,
        "max": 600.137,
        "mean": 67.4623522090185
    },
    "saved_at": "2024-11-19 13:37:16"
}