{
    "date": "2024-11-15",
    "total_earthquakes": 166,
    "magnitude_range": {
        "min": 2.5,
        "max": 6.6,
        "mean": 3.896867470120482
    },
    "location_bounds": {
        "lat": {
            "min": -61.5218,
            "max": 62.7081
        },
        "lon": {
            "min": -179.9814,
            "max": 179.8846
        }
    },
    "depth_stats": {
        "min": 1.0,
        "max": 537.193,
        "mean": 64.48327109755091
    },
    "saved_at": "2024-11-19 13:37:24"
}