{
    "date": "2024-11-12",
    "total_earthquakes": 271,
    "magnitude_range": {
        "min": 2.5,
        "max": 6.6,
        "mean": 3.842730627453875
    },
    "location_bounds": {
        "lat": {
            "min": -61.5218,
            "max": 65.8983
        },
        "lon": {
            "min": -179.9814,
            "max": 179.8846
        }
    },
    "depth_stats": {
        "min": -0.180000007152557,
        "max": 600.137,
        "mean": 66.70591624756422
    },
    "saved_at": "2024-11-19 13:37:21"
}