{
    "date": "2024-11-13",
    "total_earthquakes": 246,
    "magnitude_range": {
        "min": 2.5,
        "max": 6.6,
        "mean": 3.846178861951219
    },
    "location_bounds": {
        "lat": {
            "min": -61.5218,
            "max": 65.8983
        },
        "lon": {
            "min": -179.9814,
            "max": 179.8846
        }
    },
    "depth_stats": {
        "min": 0.949999988079071,
        "max": 577.324,
        "mean": 65.22462846539311
    },
    "saved_at": "2024-11-19 13:37:22"
}