{
    "date": "2024-11-17",
    "total_earthquakes": 75,
    "magnitude_range": {
        "min": 2.5,
        "max": 6.1,
        "mean": 3.792266666666666
    },
    "location_bounds": {
        "lat": {
            "min": -56.5196,
            "max": 62.7081
        },
        "lon": {
            "min": -179.9814,
            "max": 179.8846
        }
    },
    "depth_stats": {
        "min": 1.0,
        "max": 510.613,
        "mean": 54.560253333333335
    },
    "saved_at": "2024-11-19 13:37:25"
}