{
    "date": "2024-11-05",
    "total_earthquakes": 511,
    "magnitude_range": {
        "min": 2.5,
        "max": 6.8,
        "mean": 3.9135225049706452
    },
    "location_bounds": {
        "lat": {
            "min": -61.5218,
            "max": 69.4516
        },
        "lon": {
            "min": -179.9814,
            "max": 179.9746
        }
    },
    "depth_stats": {
        "min": -0.21,
        "max": 600.137,
        "mean": 66.88718650272878
    },
    "saved_at": "2024-11-19 13:37:14"
}